"id","parentId","childQty","name","barcode","defaultPrice","description","translation","categoryId","type","taxes","tags","warning","defaultImage","weightUnit","weightUnitEnabled","serviceTime","UOM","unitCost","kitBuilder","package","selection","optionGroups","quickOptions","recipes","productMatrixId","companyId","createdAt","productMedia","priceModel","updatedDate","commissionPercentage","commissionAmount","color","taxId","mediaId","preparationTime","orderByWeight","isDiscountable","nutrition","productAttributes"
"255b16d0-3d6b-4bb7-8d36-02de4d19e519",NULL,NULL,"Al Alali White Meat Tuna Solid Pack In Water 170g","1","1.2","White meat tuna with water
","{}","624ba806-d622-4717-92ee-5abe051365f4","menuItem",NULL,"{""White meat tuna with water"",tuna,canned}","",NULL,NULL,NULL,1,NULL,"0",NULL,NULL,NULL,"[]","[]","[]",NULL,"26df08fa-290d-47ff-b067-9503e8652925","2023-07-20 10:16:41.670176","[]",NULL,"2023-07-20 10:16:41.728",False,"0","","b53c70dc-07db-46a5-8393-ded5d7eed311","2f02b3f8-4209-4a89-b939-5bc49b4ed7be",0,NULL,True,"{""kcal"":0,""fat"":0,""carb"":0,""protien"":0}","[]"
"fa79701c-998b-4a95-886a-deee12778dc1",NULL,1,"Al Alali White Meat Tuna Solid Pack In Water 190","2","1.2","White meat tuna with water
","{}","624ba806-d622-4717-92ee-5abe051365f4","inventory",NULL,"{tuna,canned,""White Meat Tuna"",""Al Ali"",""Al Alali""}","",NULL,NULL,NULL,NULL,"5","1.2",NULL,NULL,NULL,NULL,NULL,NULL,NULL,"26df08fa-290d-47ff-b067-9503e8652925","2023-07-20 10:26:18.713421","[]",NULL,"2023-07-20 10:57:22.046",False,"0","","b53c70dc-07db-46a5-8393-ded5d7eed311","75942cce-3e57-4e53-a9c2-91cf753bbb8d",NULL,False,True,NULL,NULL
"6986ca45-60d6-4666-ae1c-2589a419e83a",NULL,NULL,"Crespy Chicken burger","1000","2.5","","{}",NULL,"service",NULL,"{burger}","",NULL,NULL,NULL,15,NULL,"0",NULL,NULL,NULL,NULL,NULL,NULL,NULL,"26df08fa-290d-47ff-b067-9503e8652925","2023-07-20 11:12:34.343853","[]",NULL,"2023-08-14 10:41:43.508",False,"0","rgba(0, 123, 230, 1)","b53c70dc-07db-46a5-8393-ded5d7eed311","5a6f8804-68d4-46c4-9d5e-cba4fc93248d",NULL,NULL,True,NULL,NULL
"e6d2d748-bbda-4520-87c5-88f1a75fbdc9",NULL,NULL,"Chicken Tandoori Sandwich","r-0008","2.5","","{}",NULL,"menuItem",NULL,"{}","",NULL,NULL,NULL,1,NULL,"0",NULL,NULL,NULL,"[]","[""f7378a4c-11f8-4626-8215-0c7263f8504b"",""19748b34-bd79-4a2a-9bfc-c5e9107cc165"",""36647800-e5e4-4410-b4c3-1e927d18605e"",""e9e8d365-5918-42c8-8576-35a7ad7f7b8c"",""bf340feb-9d8b-4465-91a8-e8de9ca78f4f"",""6d6a186a-0e21-4acb-95bf-261ea0c8e67f"",""5a101b95-4a47-4bdf-b38c-f9f72fc0b158"",""c0a02bc2-1f47-40c4-b015-87d0ca2a5903"",""3732e313-f790-48a6-93d2-4e94ad158a5b"",""9f8837c3-0039-4b72-8b07-ea4dfb71b748""]","[]",NULL,"26df08fa-290d-47ff-b067-9503e8652925","2023-08-08 09:27:29.801261","[]",NULL,"2023-08-14 10:41:47.791",False,"0","rgba(10, 0, 255, 1)","b53c70dc-07db-46a5-8393-ded5d7eed311","62f4c65f-d314-4471-8669-698b11c4dc01",0,NULL,True,"{""kcal"":0,""fat"":0,""carb"":0,""protien"":0}","[]"
"6e30bbb2-dfc9-478e-ab9e-a1cf82e45076",NULL,NULL,"Mozarella Sticks","r-0009","1.5","","{}",NULL,"menuItem",NULL,"{}","",NULL,NULL,NULL,1,NULL,"0",NULL,NULL,NULL,"[]","[]","[]",NULL,"26df08fa-290d-47ff-b067-9503e8652925","2023-08-08 09:54:48.418024","[]",NULL,"2023-08-08 09:54:48.455",False,"0","",NULL,"2b66a8b1-ef36-4667-96ae-5d86be81ddf2",0,NULL,True,"{""kcal"":0,""fat"":0,""carb"":0,""protien"":0}","[]"
"eeb626fa-05e2-4460-aa9c-35fc1281dec4",NULL,NULL,"Mashed Potato Balls","r-0010","1.2","","{}",NULL,"menuItem",NULL,"{}","",NULL,NULL,NULL,1,NULL,"0",NULL,NULL,NULL,"[]","[]","[]",NULL,"26df08fa-290d-47ff-b067-9503e8652925","2023-08-08 09:56:07.986452","[]",NULL,"2023-08-08 09:56:08.025",False,"0","",NULL,"1deb95f2-b2e4-494f-821f-9ec0a3dfbc5f",0,NULL,True,"{""kcal"":0,""fat"":0,""carb"":0,""protien"":0}","[]"
"ed2a668e-bd24-410f-a544-8941e7963f1e",NULL,NULL,"Onion Rings","r-0011","1","","{}",NULL,"menuItem",NULL,"{}","",NULL,NULL,NULL,1,NULL,"0",NULL,NULL,NULL,"[]","[]","[]",NULL,"26df08fa-290d-47ff-b067-9503e8652925","2023-08-08 09:59:20.472982","[]",NULL,"2023-08-08 10:00:09.891",False,"0","",NULL,"0b3ca7c0-3f3c-4b60-a2ad-13f39d749978",0,NULL,True,"{""kcal"":22,""fat"":200,""carb"":55,""protien"":1}","[]"
"cd64a3c9-a0a9-4818-995e-269e53c5ee00",NULL,NULL,"Prawn Dynamite","r-0012","2.9","","{}",NULL,"menuItem",NULL,"{}","",NULL,NULL,NULL,1,NULL,"0",NULL,NULL,NULL,"[]","[]","[]",NULL,"26df08fa-290d-47ff-b067-9503e8652925","2023-08-08 10:10:40.507963","[]",NULL,"2023-08-08 10:10:40.555",False,"0","",NULL,"318ad287-a6c8-41e1-aee4-13f416ed6d12",0,NULL,True,"{""kcal"":0,""fat"":0,""carb"":0,""protien"":0}","[]"
"a0c8dd50-a95f-4b9e-9907-0896356fc5e9",NULL,NULL,"Springroll (Half Dozen)","r-0013","2.2","","{}",NULL,"menuItem",NULL,"{}","",NULL,NULL,NULL,1,NULL,"0",NULL,NULL,NULL,"[]","[]","[]",NULL,"26df08fa-290d-47ff-b067-9503e8652925","2023-08-08 10:12:12.880507","[]",NULL,"2023-08-08 10:12:12.938",False,"0","",NULL,"c011158f-2ca1-4282-9c01-00720bfa1d4e",0,NULL,True,"{""kcal"":0,""fat"":0,""carb"":0,""protien"":0}","[]"
"8131f64b-91fe-4981-ac6a-19831478bd91",NULL,NULL,"Vine Leaves","r-0014","1.7","","{}",NULL,"menuItem",NULL,"{}","",NULL,NULL,NULL,1,NULL,"0",NULL,NULL,NULL,"[]","[]","[]",NULL,"26df08fa-290d-47ff-b067-9503e8652925","2023-08-08 10:14:14.981733","[]",NULL,"2023-08-08 10:14:15.057",False,"0","",NULL,"2966460b-c53e-4d20-aff9-1a61c15e1d40",0,NULL,True,"{""kcal"":0,""fat"":0,""carb"":0,""protien"":0}","[]"
"a809eacc-1e5d-49cb-aa26-83bc804c7645",NULL,NULL,"Sambosa","r-0015","0.3","","{}",NULL,"menuItem",NULL,"{}","",NULL,NULL,NULL,1,NULL,"0",NULL,NULL,NULL,"[]","[]","[]",NULL,"26df08fa-290d-47ff-b067-9503e8652925","2023-08-08 10:58:28.95347","[]",NULL,"2023-08-08 10:58:29.018",False,"0","",NULL,"29a370d2-0c25-48c3-89ad-51181c471378",0,NULL,True,"{""kcal"":0,""fat"":0,""carb"":0,""protien"":0}","[]"
"f714159e-aea4-4ce9-8a4e-1836b0cf73f9",NULL,NULL,"Corn Cheese Balls","r-0017","0.7","","{}",NULL,"menuItem",NULL,"{}","",NULL,NULL,NULL,1,NULL,"0",NULL,NULL,NULL,"[]","[]","[]",NULL,"26df08fa-290d-47ff-b067-9503e8652925","2023-08-08 11:05:46.372743","[]",NULL,"2023-08-08 11:05:46.432",False,"0","",NULL,"4cfece73-1501-4636-a931-513455407309",0,NULL,True,"{""kcal"":0,""fat"":0,""carb"":0,""protien"":0}","[]"
"9bef07e1-9254-4fbd-b6b5-a5c63486a401",NULL,NULL,"Chicken Quesadilla","r-0016","2","","{}",NULL,"menuItem",NULL,"{}","",NULL,NULL,NULL,1,NULL,"0",NULL,NULL,NULL,"[]","[]","[]",NULL,"26df08fa-290d-47ff-b067-9503e8652925","2023-08-08 11:03:25.570241","[]",NULL,"2023-08-08 11:05:59.129",False,"0","",NULL,"69fc65d0-9984-491f-8efe-9ff020720b66",0,NULL,True,"{""kcal"":0,""fat"":0,""carb"":0,""protien"":0}","[]"
"b0df6afb-8b5b-4699-bbfe-0acba60d5096",NULL,NULL,"Falafel","r-0018","0.5","","{}",NULL,"menuItem",NULL,"{}","",NULL,NULL,NULL,1,NULL,"0",NULL,NULL,NULL,"[]","[]","[]",NULL,"26df08fa-290d-47ff-b067-9503e8652925","2023-08-08 12:18:41.296023","[]",NULL,"2023-08-08 12:18:41.353",False,"0","",NULL,"930fa3cf-9023-480a-965a-1437ac5634ed",0,NULL,True,"{""kcal"":0,""fat"":0,""carb"":0,""protien"":0}","[]"
"1839a79e-f049-4344-bce0-5e79c7a296d0",NULL,NULL,"Pineapple Chicken Salad","r-0019","1.6","","{}",NULL,"menuItem",NULL,"{}","",NULL,NULL,NULL,1,NULL,"0",NULL,NULL,NULL,"[]","[]","[]",NULL,"26df08fa-290d-47ff-b067-9503e8652925","2023-08-08 12:21:58.104051","[]",NULL,"2023-08-08 12:21:58.206",False,"0","",NULL,"cbf946f3-ba1e-4a08-aacf-4d6d55b61e2d",0,NULL,True,"{""kcal"":0,""fat"":0,""carb"":0,""protien"":0}","[]"
"db872f0a-0c11-4188-b8a9-5aa01e2848be",NULL,NULL,"Chicken Wings","r-0020","4","","{}",NULL,"menuItem",NULL,"{}","",NULL,NULL,NULL,1,NULL,"0",NULL,NULL,NULL,"[]","[]","[]",NULL,"26df08fa-290d-47ff-b067-9503e8652925","2023-08-08 12:26:04.098507","[]",NULL,"2023-08-08 12:26:04.143",False,"0","",NULL,"e3e31159-26a6-4bcf-a6a5-5ae2a135b90a",0,NULL,True,"{""kcal"":0,""fat"":0,""carb"":0,""protien"":0}","[]"
"38ca6e63-3234-4d54-ac50-29f9e1f497f4",NULL,NULL,"Garlic Bread","r-0022","5","","{}",NULL,"menuItem",NULL,"{}","",NULL,NULL,NULL,1,NULL,"0",NULL,NULL,NULL,"[]","[]","[]",NULL,"26df08fa-290d-47ff-b067-9503e8652925","2023-08-08 12:31:39.095661","[]",NULL,"2023-08-08 12:31:46.729",False,"0","",NULL,"50d61b09-d991-4098-99d5-8a545037642f",0,NULL,True,"{""kcal"":0,""fat"":0,""carb"":0,""protien"":0}","[]"
"fa91655a-42ad-4fa4-a8d6-335f5e67c186",NULL,NULL,"Fries","r-0021","2","","{}",NULL,"menuItem",NULL,"{}","",NULL,NULL,NULL,1,NULL,"0",NULL,NULL,NULL,"[]","[]","[]",NULL,"26df08fa-290d-47ff-b067-9503e8652925","2023-08-08 12:28:35.606448","[]",NULL,"2023-08-08 12:33:33.862",False,"0","",NULL,"8822437d-398d-42c5-8e10-544843a7e0ee",0,NULL,True,"{""kcal"":0,""fat"":0,""carb"":0,""protien"":0}","[]"
"42b50354-f12a-4544-abe8-2e4d434696a4",NULL,NULL,"Thai Quinoa Salad","r-0023","1.3","","{}",NULL,"menuItem",NULL,"{}","",NULL,NULL,NULL,1,NULL,"0",NULL,NULL,NULL,"[]","[]","[]",NULL,"26df08fa-290d-47ff-b067-9503e8652925","2023-08-08 12:42:03.527847","[]",NULL,"2023-08-08 12:42:54.825",False,"0","",NULL,"7f67656b-96cf-416e-ba20-9ac4141bc54d",0,NULL,True,"{""kcal"":0,""fat"":0,""carb"":0,""protien"":0}","[]"
"c65f389b-2cb5-44c4-8a34-edd10da95072",NULL,NULL,"Greek Salad","r-0024","2.7","","{}",NULL,"menuItem",NULL,"{}","",NULL,NULL,NULL,1,NULL,"0",NULL,NULL,NULL,"[]","[]","[]",NULL,"26df08fa-290d-47ff-b067-9503e8652925","2023-08-08 12:44:20.942219","[]",NULL,"2023-08-08 12:44:20.983",False,"0","",NULL,"d367fbc9-c885-4b7c-9362-4a64582394b5",0,NULL,True,"{""kcal"":0,""fat"":0,""carb"":0,""protien"":0}","[]"
"5438c82d-b530-4fc9-af2f-af186bb24297",NULL,NULL,"Fatoosh","r-0025","3.3","","{}",NULL,"menuItem",NULL,"{}","",NULL,NULL,NULL,1,NULL,"0",NULL,NULL,NULL,"[]","[]","[]",NULL,"26df08fa-290d-47ff-b067-9503e8652925","2023-08-08 12:47:03.6212","[]",NULL,"2023-08-08 12:47:03.669",False,"0","",NULL,"c4b24326-1f7a-4767-9025-3a9b3e58d327",0,NULL,True,"{""kcal"":0,""fat"":0,""carb"":0,""protien"":0}","[]"
"3aeaa5e4-9862-4d4e-af94-04307091b67c",NULL,NULL,"Tuna salad","r-0026","5","","{}",NULL,"menuItem",NULL,"{}","",NULL,NULL,NULL,1,NULL,"0",NULL,NULL,NULL,"[]","[]","[]",NULL,"26df08fa-290d-47ff-b067-9503e8652925","2023-08-08 12:48:29.809095","[]",NULL,"2023-08-08 12:48:29.85",False,"0","",NULL,"c779834b-e690-4cf5-921b-505f86ac95e9",0,NULL,True,"{""kcal"":0,""fat"":0,""carb"":0,""protien"":0}","[]"
"d1ce1904-ed57-40ab-babd-dbdcb289e9c3",NULL,NULL,"Purslane Salad","r-0028","3.3","","{}",NULL,"menuItem",NULL,"{}","",NULL,NULL,NULL,1,NULL,"0",NULL,NULL,NULL,"[]","[]","[]",NULL,"26df08fa-290d-47ff-b067-9503e8652925","2023-08-08 13:10:27.811663","[]",NULL,"2023-08-08 13:10:27.871",False,"0","",NULL,"e4c27f6d-84a2-405f-b4f9-4144b530d618",0,NULL,True,"{""kcal"":0,""fat"":0,""carb"":0,""protien"":0}","[]"
"cf479019-7c91-4875-bee5-4fc8e4a1d1df",NULL,NULL,"Five Beans Salad","r-0029","7.7","","{}",NULL,"menuItem",NULL,"{}","",NULL,NULL,NULL,1,NULL,"0",NULL,NULL,NULL,"[]","[]","[]",NULL,"26df08fa-290d-47ff-b067-9503e8652925","2023-08-08 13:15:55.847727","[]",NULL,"2023-08-08 13:15:55.895",False,"0","",NULL,"a13fcdb0-a574-4479-bb15-0127801da4b3",0,NULL,True,"{""kcal"":0,""fat"":0,""carb"":0,""protien"":0}","[]"
"dbae511d-315c-4940-8dfd-9d1f5986f07a",NULL,NULL,"Taboola","r-0030","3","","{}",NULL,"menuItem",NULL,"{}","",NULL,NULL,NULL,1,NULL,"0",NULL,NULL,NULL,"[]","[]","[]",NULL,"26df08fa-290d-47ff-b067-9503e8652925","2023-08-08 13:19:18.382606","[]",NULL,"2023-08-08 13:19:18.424",False,"0","",NULL,"cd16b601-4b22-4969-aa65-c5f8ee5acb5d",0,NULL,True,"{""kcal"":0,""fat"":0,""carb"":0,""protien"":0}","[]"
"36bf2e58-02e1-4b62-adb0-41ee58c61b56",NULL,NULL,"Fruit Salad","r-0031","9","","{}",NULL,"menuItem",NULL,"{}","",NULL,NULL,NULL,1,NULL,"0",NULL,NULL,NULL,"[]","[]","[]",NULL,"26df08fa-290d-47ff-b067-9503e8652925","2023-08-08 13:20:49.758756","[]",NULL,"2023-08-08 13:20:49.811",False,"0","",NULL,"ea1254d1-38fb-4177-b902-028a2074cda9",0,NULL,True,"{""kcal"":0,""fat"":0,""carb"":0,""protien"":0}","[]"
"e618857a-d33d-4773-bd15-04eb8ef4b279",NULL,NULL,"low carb salad","r-0027","3","","{}",NULL,"menuItem",NULL,"{}","",NULL,NULL,NULL,1,NULL,"0",NULL,NULL,NULL,"[]","[]","[]",NULL,"26df08fa-290d-47ff-b067-9503e8652925","2023-08-08 13:05:40.252649","[]",NULL,"2023-08-08 13:25:47.599",False,"0","",NULL,"097c4314-c51d-4afa-82b9-a576aabb0090",0,NULL,True,"{""kcal"":0,""fat"":0,""carb"":0,""protien"":0}","[]"
"b3f3606c-67c7-4506-9fda-90a03220eaec",NULL,NULL,"rocca salad","r-0032","1","","{}",NULL,"menuItem",NULL,"{}","",NULL,NULL,NULL,1,NULL,"0",NULL,NULL,NULL,"[]","[]","[]",NULL,"26df08fa-290d-47ff-b067-9503e8652925","2023-08-09 05:47:41.600332","[]",NULL,"2023-08-09 05:47:58.589",False,"0","",NULL,"131bee66-c171-4803-b2ed-bc9d2feb2a8e",0,NULL,True,"{""kcal"":0,""fat"":0,""carb"":0,""protien"":0}","[]"
"9e85343e-85c4-43fe-a7de-bacd20707166",NULL,NULL,"Cub fruits with crème","r-0033","6","","{}",NULL,"menuItem",NULL,"{}","",NULL,NULL,NULL,1,NULL,"0",NULL,NULL,NULL,"[]","[]","[]",NULL,"26df08fa-290d-47ff-b067-9503e8652925","2023-08-09 05:52:07.36556","[]",NULL,"2023-08-09 05:52:07.402",False,"0","",NULL,"3225182c-a258-4500-943d-f6b344d0ae18",0,NULL,True,"{""kcal"":0,""fat"":0,""carb"":0,""protien"":0}","[]"
"def96c15-eb6b-4ca1-b848-81a99b7a72b3",NULL,NULL,"berry with Yogurt","r-0034","8","","{}",NULL,"menuItem",NULL,"{}","",NULL,NULL,NULL,1,NULL,"0",NULL,NULL,NULL,"[]","[]","[]",NULL,"26df08fa-290d-47ff-b067-9503e8652925","2023-08-09 05:54:03.79742","[]",NULL,"2023-08-09 05:54:03.861",False,"0","",NULL,"45512688-112f-4b8f-94ed-f8e0bf327c19",0,NULL,True,"{""kcal"":0,""fat"":0,""carb"":0,""protien"":0}","[]"
"15732c91-6e35-401b-a2e0-afdf47378e89",NULL,NULL,"Mix Salad","r-0035","7","","{}",NULL,"menuItem",NULL,"{}","",NULL,NULL,NULL,1,NULL,"0",NULL,NULL,NULL,"[]","[]","[]",NULL,"26df08fa-290d-47ff-b067-9503e8652925","2023-08-09 05:57:52.827443","[]",NULL,"2023-08-09 06:01:09.973",False,"0","",NULL,"623556c3-6408-4a59-9c64-68ac7d5cc3f2",0,NULL,True,"{""kcal"":0,""fat"":0,""carb"":0,""protien"":0}","[]"
"70b61f2c-c00e-49f1-9583-b906c1116ca0",NULL,NULL,"Tomato Salad","r-0036","3","","{}",NULL,"menuItem",NULL,"{}","",NULL,NULL,NULL,1,NULL,"0",NULL,NULL,NULL,"[]","[]","[]",NULL,"26df08fa-290d-47ff-b067-9503e8652925","2023-08-09 06:03:03.404714","[]",NULL,"2023-08-09 06:03:03.477",False,"0","",NULL,"895149ea-6ea8-4a1c-99ff-afa628571b14",0,NULL,True,"{""kcal"":0,""fat"":0,""carb"":0,""protien"":0}","[]"
"ed852f96-a94e-43f1-b2d0-519f79df48f8",NULL,NULL,"Threading (Eyebrows)","s-0024","8","","{}",NULL,"service",NULL,"{}","",NULL,NULL,NULL,20,NULL,"0",NULL,NULL,NULL,NULL,NULL,NULL,NULL,"26df08fa-290d-47ff-b067-9503e8652925","2023-08-10 06:55:24.164807","[]",NULL,"2023-08-10 06:55:24.208",False,"1",NULL,"b53c70dc-07db-46a5-8393-ded5d7eed311",NULL,NULL,NULL,True,NULL,NULL
"88b4e06c-68c0-49ce-a110-16d80c638702",NULL,NULL,"Threading (Half Face)","s-0025","15","","{}",NULL,"service",NULL,"{}","",NULL,NULL,NULL,19,NULL,"0",NULL,NULL,NULL,NULL,NULL,NULL,NULL,"26df08fa-290d-47ff-b067-9503e8652925","2023-08-10 06:56:34.812455","[]",NULL,"2023-08-10 06:56:34.844",False,"2",NULL,NULL,NULL,NULL,NULL,True,NULL,NULL
"4e3cebd2-7eac-40de-bdf7-198e925b2970",NULL,NULL,"Threading (Full Face)","s-0026","17","","{}",NULL,"service",NULL,"{}","",NULL,NULL,NULL,20,NULL,"0",NULL,NULL,NULL,NULL,NULL,NULL,NULL,"26df08fa-290d-47ff-b067-9503e8652925","2023-08-10 07:00:07.410004","[]",NULL,"2023-08-10 07:00:07.466",False,"1.3",NULL,"b53c70dc-07db-46a5-8393-ded5d7eed311",NULL,NULL,NULL,True,NULL,NULL
"61a522c4-7222-4d6b-94e3-baf3a85e8920",NULL,NULL,"Classic Pedicure","s-0001","7","","{}",NULL,"service",NULL,"{}","",NULL,NULL,NULL,15,NULL,"0",NULL,NULL,NULL,NULL,NULL,NULL,NULL,"26df08fa-290d-47ff-b067-9503e8652925","2023-08-09 08:04:31.693961","[]",NULL,"2023-08-09 08:06:50.582",False,"1.5","",NULL,"308b00d4-e1f9-483a-aaa9-1515c85c1014",NULL,NULL,True,NULL,NULL
"d5dfb07c-0491-49c4-85b9-5c6707643b62",NULL,NULL,"Eyebrow Colour","s-0027","12","","{}",NULL,"service",NULL,"{}","",NULL,NULL,NULL,1,NULL,"0",NULL,NULL,NULL,NULL,NULL,NULL,NULL,"26df08fa-290d-47ff-b067-9503e8652925","2023-08-10 07:01:26.878811","[]",NULL,"2023-08-10 07:01:26.929",False,"2",NULL,"b53c70dc-07db-46a5-8393-ded5d7eed311",NULL,NULL,NULL,True,NULL,NULL
"d5ea0c92-ce69-4a07-960d-42ba7ec12165",NULL,NULL,"Hand Nail Colour","s-0003","3.7","","{}",NULL,"service",NULL,"{Colour,Hand}","",NULL,NULL,NULL,19,NULL,"0",NULL,NULL,NULL,NULL,NULL,NULL,NULL,"26df08fa-290d-47ff-b067-9503e8652925","2023-08-09 08:34:12.218178","[]",NULL,"2023-08-09 08:34:12.261",False,"2",NULL,"b53c70dc-07db-46a5-8393-ded5d7eed311",NULL,NULL,NULL,True,NULL,NULL
"5876e958-f4ec-4d3e-8e12-e9112e3c93f3",NULL,NULL,"French Manicure","s-0002","5","","{}",NULL,"service",NULL,"{Manicure,French}","",NULL,NULL,NULL,1,NULL,"0",NULL,NULL,NULL,NULL,NULL,NULL,NULL,"26df08fa-290d-47ff-b067-9503e8652925","2023-08-09 08:20:12.603035","[]",NULL,"2023-08-09 08:34:19.953",False,"2","","b53c70dc-07db-46a5-8393-ded5d7eed311",NULL,NULL,NULL,True,NULL,NULL
"88ce2d64-a3d2-419d-8d43-3a47cb5f08c5",NULL,NULL,"Toe Nail Colour","s-0004","6","","{}",NULL,"service",NULL,"{}","",NULL,NULL,NULL,1,NULL,"0",NULL,NULL,NULL,NULL,NULL,NULL,NULL,"26df08fa-290d-47ff-b067-9503e8652925","2023-08-09 08:35:28.012719","[]",NULL,"2023-08-09 08:35:28.071",False,"3",NULL,"b53c70dc-07db-46a5-8393-ded5d7eed311",NULL,NULL,NULL,True,NULL,NULL
"4958d1b5-2bbd-4eff-b19d-a398785a53a3",NULL,NULL,"French Pedicure","s-0005","9","","{}",NULL,"service",NULL,"{}","",NULL,NULL,NULL,19,NULL,"0",NULL,NULL,NULL,NULL,NULL,NULL,NULL,"26df08fa-290d-47ff-b067-9503e8652925","2023-08-09 08:43:49.830509","[]",NULL,"2023-08-09 08:43:49.856",False,"4",NULL,NULL,NULL,NULL,NULL,True,NULL,NULL
"cc415a50-34c3-460c-a7d8-b75097b89914",NULL,NULL,"Hand Treatment","s-0006","3","","{}",NULL,"service",NULL,"{}","",NULL,NULL,NULL,1,NULL,"0",NULL,NULL,NULL,NULL,NULL,NULL,NULL,"26df08fa-290d-47ff-b067-9503e8652925","2023-08-10 06:20:49.218819","[]",NULL,"2023-08-10 06:20:49.267",False,"1",NULL,NULL,"950bbea2-fbd6-4553-8243-b24fe4a69f4b",NULL,NULL,True,NULL,NULL
"10a6a386-595b-44a4-a62d-af82751f378b",NULL,NULL,"Foot Treatment","s-0007","5","","{}",NULL,"service",NULL,"{}","",NULL,NULL,NULL,1,NULL,"0",NULL,NULL,NULL,NULL,NULL,NULL,NULL,"26df08fa-290d-47ff-b067-9503e8652925","2023-08-10 06:22:15.919684","[]",NULL,"2023-08-10 06:22:15.95",False,"1",NULL,NULL,NULL,NULL,NULL,True,NULL,NULL
"3ecc05ec-e18c-46c1-8e23-7db834c8cd39",NULL,NULL,"Hair Wash Fatima","s-0008","11","","{}",NULL,"service",NULL,"{}","",NULL,NULL,NULL,20,NULL,"0",NULL,NULL,NULL,NULL,NULL,NULL,NULL,"26df08fa-290d-47ff-b067-9503e8652925","2023-08-10 06:23:25.751268","[]",NULL,"2023-08-10 06:23:25.79",False,"3",NULL,NULL,NULL,NULL,NULL,True,NULL,NULL
"c528091a-9f89-49ae-bb51-45ac9fe350a6",NULL,NULL,"Blow Dry","s-0009","7","","{}",NULL,"service",NULL,"{}","",NULL,NULL,NULL,15,NULL,"0",NULL,NULL,NULL,NULL,NULL,NULL,NULL,"26df08fa-290d-47ff-b067-9503e8652925","2023-08-10 06:24:31.290428","[]",NULL,"2023-08-10 06:24:31.326",False,"3",NULL,NULL,NULL,NULL,NULL,True,NULL,NULL
"4a75ced8-c6b4-4d11-a5c6-185bcb7924d9",NULL,NULL,"Wavy","s-0010","9.9","","{}",NULL,"service",NULL,"{}","",NULL,NULL,NULL,35,NULL,"0",NULL,NULL,NULL,NULL,NULL,NULL,NULL,"26df08fa-290d-47ff-b067-9503e8652925","2023-08-10 06:25:52.043319","[]",NULL,"2023-08-10 06:25:52.084",False,"6",NULL,"b53c70dc-07db-46a5-8393-ded5d7eed311",NULL,NULL,NULL,True,NULL,NULL
"489dac99-6b47-4237-9168-4b72e380b6c2",NULL,NULL,"Hair Style","s-0011","13","","{}",NULL,"service",NULL,"{}","",NULL,NULL,NULL,35,NULL,"0",NULL,NULL,NULL,NULL,NULL,NULL,NULL,"26df08fa-290d-47ff-b067-9503e8652925","2023-08-10 06:31:50.667428","[]",NULL,"2023-08-10 06:32:42.156",False,"2","",NULL,"b99423b5-2a26-42ec-b92d-5a789cda52cd",NULL,NULL,True,NULL,NULL
"523109c1-4e3c-4973-8159-4fee279dc86a",NULL,NULL,"Hair Cut","s-0012","9","","{}",NULL,"service",NULL,"{}","",NULL,NULL,NULL,17,NULL,"0",NULL,NULL,NULL,NULL,NULL,NULL,NULL,"26df08fa-290d-47ff-b067-9503e8652925","2023-08-10 06:38:02.065638","[]",NULL,"2023-08-10 06:38:02.098",False,"2",NULL,"b53c70dc-07db-46a5-8393-ded5d7eed311","a4493149-4f96-49ad-b30f-cf3f413e9961",NULL,NULL,True,NULL,NULL
"5dc17921-82ca-43b7-bad5-ce1b006dc699",NULL,NULL,"Hair Colour","s-0013","9","","{}",NULL,"service",NULL,"{}","",NULL,NULL,NULL,1,NULL,"0",NULL,NULL,NULL,NULL,NULL,NULL,NULL,"26df08fa-290d-47ff-b067-9503e8652925","2023-08-10 06:39:22.909221","[]",NULL,"2023-08-10 06:39:22.946",False,"1",NULL,"b53c70dc-07db-46a5-8393-ded5d7eed311",NULL,NULL,NULL,True,NULL,NULL
"6f71a730-70ed-4c3a-80c6-d1ac7a6d1b3d",NULL,NULL,"Hair Treatment","s-0014","9","","{}",NULL,"service",NULL,"{}","",NULL,NULL,NULL,1,NULL,"0",NULL,NULL,NULL,NULL,NULL,NULL,NULL,"26df08fa-290d-47ff-b067-9503e8652925","2023-08-10 06:40:40.099282","[]",NULL,"2023-08-10 06:40:54.662",False,"2","","b53c70dc-07db-46a5-8393-ded5d7eed311","d681eab2-277a-4237-8043-4baa1ea10a83",NULL,NULL,True,NULL,NULL
"5d98f56e-dcf1-4239-bc2b-9c174d41d5f1",NULL,NULL,"Waxing (Half Arms)","s-0015","13","","{}",NULL,"service",NULL,"{}","",NULL,NULL,NULL,17,NULL,"0",NULL,NULL,NULL,NULL,NULL,NULL,NULL,"26df08fa-290d-47ff-b067-9503e8652925","2023-08-10 06:41:49.273272","[]",NULL,"2023-08-10 06:41:49.308",False,"2",NULL,NULL,NULL,NULL,NULL,True,NULL,NULL
"f3d79e52-6353-41cc-bca9-1e1ba42fd819",NULL,NULL,"Waxing (Full Arms)","s-0016","20","","{}",NULL,"service",NULL,"{}","",NULL,NULL,NULL,50,NULL,"0",NULL,NULL,NULL,NULL,NULL,NULL,NULL,"26df08fa-290d-47ff-b067-9503e8652925","2023-08-10 06:42:48.60037","[]",NULL,"2023-08-10 06:42:48.646",False,"1",NULL,NULL,NULL,NULL,NULL,True,NULL,NULL
"bb722d30-d23f-47c5-bef3-f63ee0994981",NULL,NULL,"Waxing (Half Legs)","s-0017","19","","{}",NULL,"service",NULL,"{}","",NULL,NULL,NULL,60,NULL,"0",NULL,NULL,NULL,NULL,NULL,NULL,NULL,"26df08fa-290d-47ff-b067-9503e8652925","2023-08-10 06:44:10.006927","[]",NULL,"2023-08-10 06:44:35.63",False,"5","",NULL,"5d4e6216-f85d-4bb8-a7cd-c87e27359e40",NULL,NULL,True,NULL,NULL
"53c9be2d-4f0f-446c-9bd9-41a3c9470543",NULL,NULL,"Waxing (Full Legs)","s-0018","11","","{}",NULL,"service",NULL,"{}","",NULL,NULL,NULL,30,NULL,"0",NULL,NULL,NULL,NULL,NULL,NULL,NULL,"26df08fa-290d-47ff-b067-9503e8652925","2023-08-10 06:45:25.252111","[]",NULL,"2023-08-10 06:45:37.869",False,"1","","b53c70dc-07db-46a5-8393-ded5d7eed311","1a6ad670-8886-4772-b3e7-ed32c53906fd",NULL,NULL,True,NULL,NULL
"2cb01a6e-9da4-4f01-ab79-9afd9ab31356",NULL,NULL,"Waxing (Underarms)","s-0019","23","","{}",NULL,"service",NULL,"{}","",NULL,NULL,NULL,70,NULL,"0",NULL,NULL,NULL,NULL,NULL,NULL,NULL,"26df08fa-290d-47ff-b067-9503e8652925","2023-08-10 06:46:37.264327","[]",NULL,"2023-08-10 06:46:37.313",False,"1",NULL,"b53c70dc-07db-46a5-8393-ded5d7eed311",NULL,NULL,NULL,True,NULL,NULL
"5f8d89d1-2b75-454b-b51c-9408d68201da",NULL,NULL,"Waxing (Bikini)","s-0020","30","","{}",NULL,"service",NULL,"{}","",NULL,NULL,NULL,80,NULL,"0",NULL,NULL,NULL,NULL,NULL,NULL,NULL,"26df08fa-290d-47ff-b067-9503e8652925","2023-08-10 06:47:31.768819","[]",NULL,"2023-08-10 06:47:31.809",False,"3",NULL,"b53c70dc-07db-46a5-8393-ded5d7eed311",NULL,NULL,NULL,True,NULL,NULL
"2c389fd0-ed63-43b0-8044-776f5ea89d86",NULL,NULL,"Waxing (Half Face)","s-0021","9","","{}",NULL,"service",NULL,"{}","",NULL,NULL,NULL,1,NULL,"0",NULL,NULL,NULL,NULL,NULL,NULL,NULL,"26df08fa-290d-47ff-b067-9503e8652925","2023-08-10 06:48:49.724496","[]",NULL,"2023-08-10 06:48:49.757",False,"0",NULL,"b53c70dc-07db-46a5-8393-ded5d7eed311",NULL,NULL,NULL,True,NULL,NULL
"c7d9c695-ee94-4344-9b47-d875116a0e2a",NULL,NULL,"Waxing (Full Face)","s-0022","17","","{}",NULL,"service",NULL,"{}","",NULL,NULL,NULL,40,NULL,"0",NULL,NULL,NULL,NULL,NULL,NULL,NULL,"26df08fa-290d-47ff-b067-9503e8652925","2023-08-10 06:50:56.676865","[]",NULL,"2023-08-10 06:50:56.724",False,"9",NULL,"b53c70dc-07db-46a5-8393-ded5d7eed311",NULL,NULL,NULL,True,NULL,NULL
"de5790ad-133f-46fb-915d-dde1c6e77ba7",NULL,NULL,"Threading (Upper Lip)","s-0023","9","","{}",NULL,"service",NULL,"{}","",NULL,NULL,NULL,20,NULL,"0",NULL,NULL,NULL,NULL,NULL,NULL,NULL,"26df08fa-290d-47ff-b067-9503e8652925","2023-08-10 06:52:37.940989","[]",NULL,"2023-08-10 06:53:22.68",False,"1","","b53c70dc-07db-46a5-8393-ded5d7eed311","3426e0ab-ad22-4ead-a479-86842bc231a5",NULL,NULL,True,NULL,NULL
"732d9347-cfe3-4cd7-a796-5cf051e29051",NULL,NULL,"Simple (Day Makeup)","s-0028","22","","{}",NULL,"service",NULL,"{}","",NULL,NULL,NULL,30,NULL,"0",NULL,NULL,NULL,NULL,NULL,NULL,NULL,"26df08fa-290d-47ff-b067-9503e8652925","2023-08-10 07:02:50.556435","[]",NULL,"2023-08-10 07:03:12.664",False,"0","","b53c70dc-07db-46a5-8393-ded5d7eed311","cbdb4a06-e12f-43f2-8723-4dbd5ae7f22b",NULL,NULL,True,NULL,NULL
"c1ca3279-9326-4540-9008-f2e0031dd6f6",NULL,NULL,"Glamorous (Evening Makeup)","s-0029","23","","{}",NULL,"service",NULL,"{}","",NULL,NULL,NULL,25,NULL,"0",NULL,NULL,NULL,NULL,NULL,NULL,NULL,"26df08fa-290d-47ff-b067-9503e8652925","2023-08-10 07:04:12.978814","[]",NULL,"2023-08-10 07:04:26.533",False,"3","","b53c70dc-07db-46a5-8393-ded5d7eed311","07ee65a7-6dc4-47be-814c-f8bfdadb611a",NULL,NULL,True,NULL,NULL
"929ce7a0-c4c7-4c4d-8c84-90c642a22ad7",NULL,NULL,"The Absolute Charm (Bridal Makeup)","s-0030","27","","{}",NULL,"service",NULL,"{}","",NULL,NULL,NULL,45,NULL,"0",NULL,NULL,NULL,NULL,NULL,NULL,NULL,"26df08fa-290d-47ff-b067-9503e8652925","2023-08-10 07:06:13.19915","[]",NULL,"2023-08-10 07:06:13.242",False,"3",NULL,"b53c70dc-07db-46a5-8393-ded5d7eed311","f3723794-88c1-46a2-8239-3de6b1293920",NULL,NULL,True,NULL,NULL
"45f75a22-7897-4809-addc-1e1479dc1208",NULL,NULL,"Silver Wedding package","s-0031","60","","{}",NULL,"service",NULL,"{}","",NULL,NULL,NULL,1,NULL,"0",NULL,NULL,NULL,NULL,NULL,NULL,NULL,"26df08fa-290d-47ff-b067-9503e8652925","2023-08-10 07:09:44.555294","[]",NULL,"2023-08-10 07:09:44.591",False,"13",NULL,NULL,"43a31199-482d-483d-9c98-b042518d65b0",NULL,NULL,True,NULL,NULL
"ed803195-a674-4584-8fe2-a2b7ad9edfe9",NULL,NULL,"Gold Wedding Package","s-0032","10","","{}",NULL,"service",NULL,"{}","",NULL,NULL,NULL,20,NULL,"0",NULL,NULL,NULL,NULL,NULL,NULL,NULL,"26df08fa-290d-47ff-b067-9503e8652925","2023-08-10 07:15:39.247615","[]",NULL,"2023-08-10 07:15:39.303",False,"1",NULL,"b53c70dc-07db-46a5-8393-ded5d7eed311",NULL,NULL,NULL,True,NULL,NULL
"cb800cdc-e221-41c9-b291-def06aa6acb6",NULL,NULL,"Platinum Wedding package","s-0033","180","","{}",NULL,"service",NULL,"{}","",NULL,NULL,NULL,190,NULL,"0",NULL,NULL,NULL,NULL,NULL,NULL,NULL,"26df08fa-290d-47ff-b067-9503e8652925","2023-08-10 07:18:12.772849","[]",NULL,"2023-08-10 07:18:35.887",False,"20","","b53c70dc-07db-46a5-8393-ded5d7eed311",NULL,NULL,NULL,True,NULL,NULL
"ecf149a0-0c7a-4c3f-9fd1-7fc15d6724f4",NULL,NULL,"Turkey package","s-0034","37","","{}",NULL,"service",NULL,"{}","",NULL,NULL,NULL,60,NULL,"0",NULL,NULL,NULL,NULL,NULL,NULL,NULL,"26df08fa-290d-47ff-b067-9503e8652925","2023-08-10 07:19:49.122406","[]",NULL,"2023-08-10 07:19:49.154",False,"9",NULL,"b53c70dc-07db-46a5-8393-ded5d7eed311",NULL,NULL,NULL,True,NULL,NULL
"1ea0914c-241a-481a-9d61-827249c2a4ee",NULL,NULL,"US Package","s-0035","90","","{}",NULL,"service",NULL,"{}","",NULL,NULL,NULL,120,NULL,"0",NULL,NULL,NULL,NULL,NULL,NULL,NULL,"26df08fa-290d-47ff-b067-9503e8652925","2023-08-10 07:25:39.707564","[]",NULL,"2023-08-10 07:25:48.818",False,"12","","b53c70dc-07db-46a5-8393-ded5d7eed311",NULL,NULL,NULL,True,NULL,NULL
"ca544701-dcf8-4d84-98fc-8637fc309781",NULL,NULL,"Hair Amreican Style","s-0036","30","","{}",NULL,"service",NULL,"{}","",NULL,NULL,NULL,20,NULL,"0",NULL,NULL,NULL,NULL,NULL,NULL,NULL,"26df08fa-290d-47ff-b067-9503e8652925","2023-08-10 07:35:47.154849","[]",NULL,"2023-08-10 07:37:01.202",False,"3","","b53c70dc-07db-46a5-8393-ded5d7eed311",NULL,NULL,NULL,True,NULL,NULL
"d73cb543-2b6e-4e6f-8785-c398043b5e18",NULL,NULL,"Power Horse","r-0081","1.9","","{}",NULL,"menuItem",NULL,"{}","",NULL,NULL,NULL,1,NULL,"0",NULL,NULL,NULL,"[]","[]","[]",NULL,"26df08fa-290d-47ff-b067-9503e8652925","2023-08-14 11:42:27.599527","[]",NULL,"2023-08-14 12:46:01.326",False,"0","rgba(202, 0, 80, 1)","b53c70dc-07db-46a5-8393-ded5d7eed311","ef0ef65a-9055-4b00-85e0-7040cd6090e5",0,NULL,True,"{""kcal"":0,""fat"":0,""carb"":0,""protien"":0}","[]"
"71e71020-a205-4879-adf1-c5c99bf65887",NULL,NULL,"BBQ Burger","r-0004","2.9","","{}",NULL,"menuItem",NULL,"{}","",NULL,NULL,NULL,1,NULL,"0",NULL,NULL,NULL,"[]","[""f7378a4c-11f8-4626-8215-0c7263f8504b"",""19748b34-bd79-4a2a-9bfc-c5e9107cc165"",""36647800-e5e4-4410-b4c3-1e927d18605e"",""e9e8d365-5918-42c8-8576-35a7ad7f7b8c"",""bf340feb-9d8b-4465-91a8-e8de9ca78f4f"",""6d6a186a-0e21-4acb-95bf-261ea0c8e67f"",""5a101b95-4a47-4bdf-b38c-f9f72fc0b158"",""c0a02bc2-1f47-40c4-b015-87d0ca2a5903"",""3732e313-f790-48a6-93d2-4e94ad158a5b"",""2e929c5c-cb72-4e09-9c03-44d55721a89a"",""9f8837c3-0039-4b72-8b07-ea4dfb71b748""]","[]",NULL,"26df08fa-290d-47ff-b067-9503e8652925","2023-08-08 08:44:19.968746","[]",NULL,"2023-08-14 10:41:57.227",False,"0","rgba(255, 166, 0, 1)","b53c70dc-07db-46a5-8393-ded5d7eed311","ee008456-8566-4e21-a1d0-64488a6fe792",0,NULL,True,"{""kcal"":0,""fat"":0,""carb"":0,""protien"":0}","[]"
"ca2a7a1f-58db-4b68-b3bd-6c782b67e49b",NULL,NULL,"Supreme Pizza","r-0038","0.5","","{}",NULL,"menuItem",NULL,"{}","",NULL,NULL,NULL,1,NULL,"0",NULL,NULL,NULL,"[{""index"":0,""optionGroupId"":""7bac9768-d617-4e54-a73a-8b47833da478"",""title"":""Size""},{""index"":1,""optionGroupId"":""0389b6f4-edad-4edc-8372-a21613debb21"",""title"":""Pizza""},{""index"":2,""optionGroupId"":""c1c91832-08d9-484d-b4e8-88c038b4371d"",""title"":""Sauce ""}]","[""f7378a4c-11f8-4626-8215-0c7263f8504b"",""6d6a186a-0e21-4acb-95bf-261ea0c8e67f"",""5a101b95-4a47-4bdf-b38c-f9f72fc0b158"",""dc3eb90a-c581-48b6-9904-a8535073e589"",""b9b8d4ba-b77f-42ad-996b-6032f6a30529"",""431844e9-3946-458b-a093-16c24c1de437""]","[]",NULL,"26df08fa-290d-47ff-b067-9503e8652925","2023-08-13 10:37:59.824532","[]",NULL,"2023-08-13 11:21:13.887",False,"0","","b53c70dc-07db-46a5-8393-ded5d7eed311","29ecd06a-4dfc-429f-ba51-0d3b21347da6",0,NULL,True,"{""kcal"":0,""fat"":0,""carb"":0,""protien"":0}","[]"
"bd810e50-06ea-4f03-86da-4808463510f5",NULL,NULL,"Angel Hair Pasta","r-0047","3","","{}",NULL,"menuItem",NULL,"{}","",NULL,NULL,NULL,1,NULL,"0",NULL,NULL,NULL,"[]","[]","[]",NULL,"26df08fa-290d-47ff-b067-9503e8652925","2023-08-13 12:57:32.293885","[]",NULL,"2023-08-13 12:57:32.353",False,"0","","b53c70dc-07db-46a5-8393-ded5d7eed311","c4ac07dc-491d-439a-b694-91d3fe152419",0,NULL,True,"{""kcal"":35,""fat"":33,""carb"":88,""protien"":77}","[]"
"524389c7-1985-45be-8fe5-4541d1f7ecda",NULL,NULL,"Classic Burger","r-0002","2.5","","{}",NULL,"menuItem",NULL,"{}","",NULL,NULL,NULL,1,NULL,"0",NULL,NULL,NULL,"[]","[""f7378a4c-11f8-4626-8215-0c7263f8504b"",""19748b34-bd79-4a2a-9bfc-c5e9107cc165"",""36647800-e5e4-4410-b4c3-1e927d18605e"",""e9e8d365-5918-42c8-8576-35a7ad7f7b8c"",""bf340feb-9d8b-4465-91a8-e8de9ca78f4f"",""6d6a186a-0e21-4acb-95bf-261ea0c8e67f"",""5a101b95-4a47-4bdf-b38c-f9f72fc0b158"",""c0a02bc2-1f47-40c4-b015-87d0ca2a5903"",""3732e313-f790-48a6-93d2-4e94ad158a5b""]","[]",NULL,"26df08fa-290d-47ff-b067-9503e8652925","2023-08-08 08:42:12.707283","[]",NULL,"2023-08-13 10:03:47.702",False,"0","","b53c70dc-07db-46a5-8393-ded5d7eed311","e3462b17-9274-4de3-b0a0-592de4519801",0,NULL,True,"{""kcal"":0,""fat"":0,""carb"":0,""protien"":0}","[]"
"fd4b3326-9445-41cf-ae67-23e1cf1c6bf4",NULL,NULL,"Brooklyn","r-0005","2.3","","{}",NULL,"menuItem",NULL,"{}","",NULL,NULL,NULL,1,NULL,"0",NULL,NULL,NULL,"[]","[""f7378a4c-11f8-4626-8215-0c7263f8504b"",""19748b34-bd79-4a2a-9bfc-c5e9107cc165"",""9f8837c3-0039-4b72-8b07-ea4dfb71b748"",""36647800-e5e4-4410-b4c3-1e927d18605e"",""e9e8d365-5918-42c8-8576-35a7ad7f7b8c"",""bf340feb-9d8b-4465-91a8-e8de9ca78f4f"",""6d6a186a-0e21-4acb-95bf-261ea0c8e67f"",""5a101b95-4a47-4bdf-b38c-f9f72fc0b158"",""c0a02bc2-1f47-40c4-b015-87d0ca2a5903"",""3732e313-f790-48a6-93d2-4e94ad158a5b""]","[]",NULL,"26df08fa-290d-47ff-b067-9503e8652925","2023-08-08 08:45:23.152779","[]",NULL,"2023-08-13 10:08:19.549",False,"0","","b53c70dc-07db-46a5-8393-ded5d7eed311","90f22682-1ffe-4d7d-a0b7-042ad222de11",0,NULL,True,"{""kcal"":22,""fat"":55,""carb"":44,""protien"":100}","[]"
"487729c4-b7af-449b-a7a5-bdc952f8f748",NULL,NULL,"Chicken Steak Sandwich","r-0007","3.3","","{}",NULL,"menuItem",NULL,"{}","",NULL,NULL,NULL,1,NULL,"0",NULL,NULL,NULL,"[]","[""f7378a4c-11f8-4626-8215-0c7263f8504b"",""19748b34-bd79-4a2a-9bfc-c5e9107cc165"",""36647800-e5e4-4410-b4c3-1e927d18605e"",""e9e8d365-5918-42c8-8576-35a7ad7f7b8c"",""bf340feb-9d8b-4465-91a8-e8de9ca78f4f"",""6d6a186a-0e21-4acb-95bf-261ea0c8e67f"",""5a101b95-4a47-4bdf-b38c-f9f72fc0b158"",""c0a02bc2-1f47-40c4-b015-87d0ca2a5903"",""3732e313-f790-48a6-93d2-4e94ad158a5b"",""9f8837c3-0039-4b72-8b07-ea4dfb71b748""]","[]",NULL,"26df08fa-290d-47ff-b067-9503e8652925","2023-08-08 09:20:10.871498","[]",NULL,"2023-08-13 10:09:41.221",False,"0","",NULL,"06e94092-d48b-444a-a50a-0d693542e989",0,NULL,True,"{""kcal"":0,""fat"":0,""carb"":0,""protien"":0}","[]"
"64765efe-8dfe-49cc-96d3-d81efe54700b",NULL,NULL,"Veggie Pizza","r-0040","1","","{}",NULL,"menuItem",NULL,"{}","",NULL,NULL,NULL,1,NULL,"0",NULL,NULL,NULL,"[{""index"":0,""optionGroupId"":""7bac9768-d617-4e54-a73a-8b47833da478"",""title"":""Size""},{""index"":1,""optionGroupId"":""0389b6f4-edad-4edc-8372-a21613debb21"",""title"":""Pizza""},{""index"":2,""optionGroupId"":""c1c91832-08d9-484d-b4e8-88c038b4371d"",""title"":""Sauce ""}]","[""f7378a4c-11f8-4626-8215-0c7263f8504b"",""5a101b95-4a47-4bdf-b38c-f9f72fc0b158"",""3732e313-f790-48a6-93d2-4e94ad158a5b"",""c0a02bc2-1f47-40c4-b015-87d0ca2a5903"",""431844e9-3946-458b-a093-16c24c1de437"",""876ca04c-203d-4b88-8ece-dc170694d801"",""3965f500-9c23-4fc9-ad6c-63d077b131cb""]","[]",NULL,"26df08fa-290d-47ff-b067-9503e8652925","2023-08-13 11:37:15.804061","[]",NULL,"2023-08-13 11:37:52.021",False,"0","","b53c70dc-07db-46a5-8393-ded5d7eed311","e37bf267-a741-40b4-9f77-e13b2a3eeea9",0,NULL,True,"{""kcal"":400,""fat"":300,""carb"":200,""protien"":50}","[]"
"13ad88e8-e6d9-442a-a9aa-1144c927fddc",NULL,NULL,"Pepperoni Pizza","r-0037","1.2","","{}",NULL,"menuItem",NULL,"{}","",NULL,NULL,NULL,1,NULL,"0",NULL,NULL,NULL,"[{""index"":2,""optionGroupId"":""7bac9768-d617-4e54-a73a-8b47833da478"",""title"":""Size""},{""index"":0,""optionGroupId"":""0389b6f4-edad-4edc-8372-a21613debb21"",""title"":""Pizza""},{""index"":1,""optionGroupId"":""c1c91832-08d9-484d-b4e8-88c038b4371d"",""title"":""Sauce ""}]","[""6d6a186a-0e21-4acb-95bf-261ea0c8e67f""]","[]",NULL,"26df08fa-290d-47ff-b067-9503e8652925","2023-08-13 10:13:38.09695","[]",NULL,"2023-08-13 10:50:51.621",False,"0","","b53c70dc-07db-46a5-8393-ded5d7eed311","0dfcb59f-d0d7-4b2c-b707-c952f1961529",0,NULL,True,"{""kcal"":220,""fat"":150,""carb"":300,""protien"":50}","[]"
"8d99ad40-0af5-4cee-92df-fc1a76c4da69",NULL,NULL,"Chicken BBQ pizza","r-0039","1","","{}",NULL,"menuItem",NULL,"{}","",NULL,NULL,NULL,1,NULL,"0",NULL,NULL,NULL,"[{""index"":0,""optionGroupId"":""7bac9768-d617-4e54-a73a-8b47833da478"",""title"":""Size""},{""index"":1,""optionGroupId"":""0389b6f4-edad-4edc-8372-a21613debb21"",""title"":""Pizza""},{""index"":2,""optionGroupId"":""c1c91832-08d9-484d-b4e8-88c038b4371d"",""title"":""Sauce ""}]","[""f7378a4c-11f8-4626-8215-0c7263f8504b"",""2ebcb886-18e0-411a-a8c8-fb993abe460f"",""5a101b95-4a47-4bdf-b38c-f9f72fc0b158"",""e66e73d8-f6b3-44ba-88ea-2b2ea3fbff6c"",""c0a02bc2-1f47-40c4-b015-87d0ca2a5903""]","[]",NULL,"26df08fa-290d-47ff-b067-9503e8652925","2023-08-13 11:26:30.835148","[]",NULL,"2023-08-13 11:30:21.69",False,"0","","b53c70dc-07db-46a5-8393-ded5d7eed311","c4fcd254-3dae-441f-93bd-885e785a8b3d",0,NULL,True,"{""kcal"":300,""fat"":200,""carb"":344,""protien"":33}","[]"
"01c673f0-5bd2-4480-8274-075969438d7a",NULL,NULL,"Pizza Chicken","r-0041","1","","{}",NULL,"menuItem",NULL,"{}","",NULL,NULL,NULL,1,NULL,"0",NULL,NULL,NULL,"[]","[""f7378a4c-11f8-4626-8215-0c7263f8504b"",""5a101b95-4a47-4bdf-b38c-f9f72fc0b158"",""c0a02bc2-1f47-40c4-b015-87d0ca2a5903"",""3732e313-f790-48a6-93d2-4e94ad158a5b""]","[]",NULL,"26df08fa-290d-47ff-b067-9503e8652925","2023-08-13 11:42:25.945484","[]",NULL,"2023-08-13 11:42:26",False,"0","","b53c70dc-07db-46a5-8393-ded5d7eed311","3a630188-a780-4420-a6a9-b3ce77dfad30",0,NULL,True,"{""kcal"":0,""fat"":0,""carb"":0,""protien"":0}","[]"
"f70c80f1-9028-441f-8cc4-c66edb6da59e",NULL,NULL,"Spinach Pasta","r-0042","1","","{}",NULL,"menuItem",NULL,"{}","",NULL,NULL,NULL,1,NULL,"0",NULL,NULL,NULL,"[{""index"":0,""optionGroupId"":""7bac9768-d617-4e54-a73a-8b47833da478"",""title"":""Size""}]","[""f7378a4c-11f8-4626-8215-0c7263f8504b"",""5a101b95-4a47-4bdf-b38c-f9f72fc0b158""]","[]",NULL,"26df08fa-290d-47ff-b067-9503e8652925","2023-08-13 12:17:07.489175","[]",NULL,"2023-08-13 12:19:25.776",False,"0","","b53c70dc-07db-46a5-8393-ded5d7eed311","2bbd7bad-a1e5-42d8-b307-60fa61b2b749",0,NULL,True,"{""kcal"":220,""fat"":110,""carb"":55,""protien"":77}","[]"
"b9992f7f-54c5-4741-b213-c2f494dec15d",NULL,NULL,"Mushroom Burger","r-0003","2.7","","{}",NULL,"menuItem",NULL,"{}","",NULL,NULL,NULL,1,NULL,"0",NULL,NULL,NULL,"[]","[""f7378a4c-11f8-4626-8215-0c7263f8504b"",""19748b34-bd79-4a2a-9bfc-c5e9107cc165"",""36647800-e5e4-4410-b4c3-1e927d18605e"",""e9e8d365-5918-42c8-8576-35a7ad7f7b8c"",""bf340feb-9d8b-4465-91a8-e8de9ca78f4f"",""6d6a186a-0e21-4acb-95bf-261ea0c8e67f"",""9f8837c3-0039-4b72-8b07-ea4dfb71b748""]","[]",NULL,"26df08fa-290d-47ff-b067-9503e8652925","2023-08-08 08:43:23.916891","[]",NULL,"2023-08-14 10:41:49.822",False,"0","rgba(10, 0, 255, 1)","b53c70dc-07db-46a5-8393-ded5d7eed311","79d532db-ccd6-4813-aa51-58211ca9543a",0,NULL,True,"{""kcal"":0,""fat"":0,""carb"":0,""protien"":0}","[]"
"d398168a-049e-4aef-9002-b13a860e5818",NULL,NULL,"Chicken pasta","r-0043","1","","{}",NULL,"menuItem",NULL,"{}","",NULL,NULL,NULL,1,NULL,"0",NULL,NULL,NULL,"[]","[""f7378a4c-11f8-4626-8215-0c7263f8504b"",""19748b34-bd79-4a2a-9bfc-c5e9107cc165"",""5a101b95-4a47-4bdf-b38c-f9f72fc0b158"",""3965f500-9c23-4fc9-ad6c-63d077b131cb"",""876ca04c-203d-4b88-8ece-dc170694d801"",""0940b612-13c7-474b-b218-301304c2b8c3"",""c8b49278-3952-478f-ab27-331d47cb11c8""]","[]",NULL,"26df08fa-290d-47ff-b067-9503e8652925","2023-08-13 12:24:54.291985","[]",NULL,"2023-08-13 12:34:13.249",False,"0","","b53c70dc-07db-46a5-8393-ded5d7eed311","e485e20c-be63-4092-86a0-7335b7634f41",0,NULL,True,"{""kcal"":22,""fat"":77,""carb"":55,""protien"":99}","[]"
"9fefd0ec-a903-4ce0-b05e-68633aaa9b78",NULL,NULL,"Veggie Pasta","r-0043","2","","{}",NULL,"menuItem",NULL,"{}","",NULL,NULL,NULL,1,NULL,"0",NULL,NULL,NULL,"[{""index"":0,""optionGroupId"":""c1c91832-08d9-484d-b4e8-88c038b4371d"",""title"":""Sauce ""}]","[""19748b34-bd79-4a2a-9bfc-c5e9107cc165"",""f7378a4c-11f8-4626-8215-0c7263f8504b""]","[]",NULL,"26df08fa-290d-47ff-b067-9503e8652925","2023-08-13 12:42:58.815752","[]",NULL,"2023-08-13 12:43:10.863",False,"0","","b53c70dc-07db-46a5-8393-ded5d7eed311","51e59e1b-4cbd-4cac-90c4-db992606c6cc",0,NULL,True,"{""kcal"":33,""fat"":10,""carb"":22,""protien"":55}","[]"
"50e7916e-01b2-45ad-a265-be14d6048077",NULL,NULL,"Fettuccine Pasta","r-0044","2","","{}",NULL,"menuItem",NULL,"{}","",NULL,NULL,NULL,1,NULL,"0",NULL,NULL,NULL,"[]","[""f7378a4c-11f8-4626-8215-0c7263f8504b"",""19748b34-bd79-4a2a-9bfc-c5e9107cc165"",""5a101b95-4a47-4bdf-b38c-f9f72fc0b158"",""c8b49278-3952-478f-ab27-331d47cb11c8"",""0940b612-13c7-474b-b218-301304c2b8c3"",""3965f500-9c23-4fc9-ad6c-63d077b131cb"",""876ca04c-203d-4b88-8ece-dc170694d801""]","[]",NULL,"26df08fa-290d-47ff-b067-9503e8652925","2023-08-13 12:45:40.698463","[]",NULL,"2023-08-13 12:47:15.649",False,"0","","b53c70dc-07db-46a5-8393-ded5d7eed311","0b4e6d70-4e34-4223-9eea-026d0dc15f3d",0,NULL,True,"{""kcal"":44,""fat"":88,""carb"":22,""protien"":55}","[]"
"a62f92cb-426a-455f-b8e9-6c55839e9a72",NULL,NULL,"Ditalini Pasta","r-0045","2","","{}",NULL,"menuItem",NULL,"{}","",NULL,NULL,NULL,1,NULL,"0",NULL,NULL,NULL,"[{""index"":0,""optionGroupId"":""c1c91832-08d9-484d-b4e8-88c038b4371d"",""title"":""Sauce ""}]","[""f7378a4c-11f8-4626-8215-0c7263f8504b"",""19748b34-bd79-4a2a-9bfc-c5e9107cc165"",""c8b49278-3952-478f-ab27-331d47cb11c8"",""b6095218-e236-4861-b52a-f156f9f8ef96""]","[]",NULL,"26df08fa-290d-47ff-b067-9503e8652925","2023-08-13 12:49:20.596603","[]",NULL,"2023-08-13 12:51:05.251",False,"0","","b53c70dc-07db-46a5-8393-ded5d7eed311","5c34d0df-7d21-45f6-91fc-1ff1dd6bdcd6",0,NULL,True,"{""kcal"":33,""fat"":66,""carb"":88,""protien"":23}","[]"
"aeb0c7f2-fa49-494e-8ecf-256d9d8e7c10",NULL,NULL,"Bow Tie Pasta","r-0046","3","","{}",NULL,"menuItem",NULL,"{}","",NULL,NULL,NULL,1,NULL,"0",NULL,NULL,NULL,"[]","[""f7378a4c-11f8-4626-8215-0c7263f8504b"",""19748b34-bd79-4a2a-9bfc-c5e9107cc165"",""bf340feb-9d8b-4465-91a8-e8de9ca78f4f"",""876ca04c-203d-4b88-8ece-dc170694d801"",""3965f500-9c23-4fc9-ad6c-63d077b131cb""]","[]",NULL,"26df08fa-290d-47ff-b067-9503e8652925","2023-08-13 12:55:00.437816","[]",NULL,"2023-08-13 12:55:00.494",False,"0","","b53c70dc-07db-46a5-8393-ded5d7eed311","b0fdde85-e08c-4495-8784-dd7c4f2edc90",0,NULL,True,"{""kcal"":44,""fat"":34,""carb"":77,""protien"":56}","[]"
"020cbb66-bfa8-44ed-bcf2-51d5ba289498",NULL,NULL,"Gnocchi Pasta","r-0051","3","","{}",NULL,"menuItem",NULL,"{}","",NULL,NULL,NULL,1,NULL,"0",NULL,NULL,NULL,"[]","[""f7378a4c-11f8-4626-8215-0c7263f8504b"",""19748b34-bd79-4a2a-9bfc-c5e9107cc165"",""876ca04c-203d-4b88-8ece-dc170694d801"",""3965f500-9c23-4fc9-ad6c-63d077b131cb""]","[]",NULL,"26df08fa-290d-47ff-b067-9503e8652925","2023-08-14 05:29:05.616491","[]",NULL,"2023-08-14 05:29:42.179",False,"0","","b53c70dc-07db-46a5-8393-ded5d7eed311","f60b3835-a94f-4260-a0b4-bd1befb7ac72",0,NULL,True,"{""kcal"":33,""fat"":66,""carb"":78,""protien"":54}","[]"
"4a37a1e6-f001-4dea-80ed-788bff8446ec",NULL,NULL,"Lasagna","r-0048","3","","{}",NULL,"menuItem",NULL,"{}","",NULL,NULL,NULL,1,NULL,"0",NULL,NULL,NULL,"[]","[]","[]",NULL,"26df08fa-290d-47ff-b067-9503e8652925","2023-08-13 13:05:47.121618","[]",NULL,"2023-08-13 13:07:44.896",False,"0","",NULL,"647433c6-1577-471f-a12e-c1cb1ce7cb1d",0,NULL,True,"{""kcal"":55,""fat"":666,""carb"":33,""protien"":33}","[]"
"ec891da2-a98c-467e-a705-d21be45dad25",NULL,NULL,"Orzo Pasta","r-0049","2.7","","{}",NULL,"menuItem",NULL,"{}","",NULL,NULL,NULL,1,NULL,"0",NULL,NULL,NULL,"[]","[""f7378a4c-11f8-4626-8215-0c7263f8504b"",""5a101b95-4a47-4bdf-b38c-f9f72fc0b158"",""c5c2efa5-4028-4e44-8229-c16b3b0e094a""]","[]",NULL,"26df08fa-290d-47ff-b067-9503e8652925","2023-08-13 13:10:50.737988","[]",NULL,"2023-08-13 13:11:00.793",False,"0","","b53c70dc-07db-46a5-8393-ded5d7eed311","16f5092c-620b-4b1f-a27f-5be27a32fbbf",0,NULL,True,"{""kcal"":344,""fat"":33,""carb"":55,""protien"":77}","[]"
"10aac883-6394-4576-a218-8be03d97ef2d",NULL,NULL,"Spaghetti Pasta","r-0050","2.1","","{}",NULL,"menuItem",NULL,"{}","",NULL,NULL,NULL,1,NULL,"0",NULL,NULL,NULL,"[{""index"":0,""optionGroupId"":""7bac9768-d617-4e54-a73a-8b47833da478"",""title"":""Size""}]","[""f7378a4c-11f8-4626-8215-0c7263f8504b"",""19748b34-bd79-4a2a-9bfc-c5e9107cc165"",""bf340feb-9d8b-4465-91a8-e8de9ca78f4f"",""c8b49278-3952-478f-ab27-331d47cb11c8""]","[]",NULL,"26df08fa-290d-47ff-b067-9503e8652925","2023-08-13 13:13:24.000023","[]",NULL,"2023-08-13 13:13:39.462",False,"0","",NULL,"ecd66663-d325-41ae-8796-58f07600ade1",0,NULL,True,"{""kcal"":0,""fat"":0,""carb"":0,""protien"":0}","[]"
"58ac2f49-dede-48f4-a3af-282b7c9a3271",NULL,NULL,"Bucatini Pasta","r-0052","3.2","","{}",NULL,"menuItem",NULL,"{}","",NULL,NULL,NULL,1,NULL,"0",NULL,NULL,NULL,"[]","[]","[]",NULL,"26df08fa-290d-47ff-b067-9503e8652925","2023-08-14 05:32:41.63306","[]",NULL,"2023-08-14 05:32:41.699",False,"0","","b53c70dc-07db-46a5-8393-ded5d7eed311","d251e844-76d4-4137-bf9c-b9814daff82b",0,NULL,True,"{""kcal"":654,""fat"":33,""carb"":55,""protien"":43}","[]"
"fd21a2d6-ff3a-44bb-84f3-77d58872b1db",NULL,NULL,"Italian Pasta","r-0053","4","","{}",NULL,"menuItem",NULL,"{}","",NULL,NULL,NULL,1,NULL,"0",NULL,NULL,NULL,"[]","[]","[]",NULL,"26df08fa-290d-47ff-b067-9503e8652925","2023-08-14 05:37:43.107287","[]",NULL,"2023-08-14 05:37:43.203",False,"0","","b53c70dc-07db-46a5-8393-ded5d7eed311","2a59daaa-c71a-49df-ba32-057938fb09c8",0,NULL,True,"{""kcal"":76,""fat"":88,""carb"":44,""protien"":98}","[]"
"0e6bf1dd-fbf6-46b7-b21f-a8297921e3cc",NULL,NULL,"Cheesy Tortellini and Sausage Bake","r-0054","4","","{}",NULL,"menuItem",NULL,"{}","",NULL,NULL,NULL,1,NULL,"0",NULL,NULL,NULL,"[]","[""f7378a4c-11f8-4626-8215-0c7263f8504b"",""19748b34-bd79-4a2a-9bfc-c5e9107cc165"",""2e929c5c-cb72-4e09-9c03-44d55721a89a""]","[]",NULL,"26df08fa-290d-47ff-b067-9503e8652925","2023-08-14 05:46:18.63738","[]",NULL,"2023-08-14 05:46:38.016",False,"0","","b53c70dc-07db-46a5-8393-ded5d7eed311","aae72376-738e-4dd4-a028-38fc561afcbb",0,NULL,True,"{""kcal"":68,""fat"":94,""carb"":53,""protien"":77}","[]"
"7633e51a-52a8-43ae-9d61-e5a3c9d805e1",NULL,NULL,"Turkey Tetrazzini with Spinach","r-0054","5","","{}",NULL,"menuItem",NULL,"{}","",NULL,NULL,NULL,1,NULL,"0",NULL,NULL,NULL,"[]","[]","[]",NULL,"26df08fa-290d-47ff-b067-9503e8652925","2023-08-14 05:50:32.030765","[]",NULL,"2023-08-14 05:50:32.087",False,"0","","b53c70dc-07db-46a5-8393-ded5d7eed311","15076184-f770-45d1-800d-1c017bb19902",0,NULL,True,"{""kcal"":23,""fat"":29,""carb"":64,""protien"":55}","[]"
"8edcdb63-19f9-4199-8e23-7720cafae9c0",NULL,NULL,"Margherita Pizza","r-0055","6","","{}",NULL,"menuItem",NULL,"{}","",NULL,NULL,NULL,1,NULL,"0",NULL,NULL,NULL,"[]","[""f7378a4c-11f8-4626-8215-0c7263f8504b"",""5a101b95-4a47-4bdf-b38c-f9f72fc0b158""]","[]",NULL,"26df08fa-290d-47ff-b067-9503e8652925","2023-08-14 06:07:37.937929","[]",NULL,"2023-08-14 06:07:38",False,"0","","b53c70dc-07db-46a5-8393-ded5d7eed311","4c4a5271-22af-4793-8737-974bf3dcc6ec",0,NULL,True,"{""kcal"":33,""fat"":55,""carb"":27,""protien"":87}","[]"
"a913358a-aa18-46bd-9d08-f6188423f9a8",NULL,NULL,"Hawaiian Pizza","r-0056","5","","{}",NULL,"menuItem",NULL,"{}","",NULL,NULL,NULL,1,NULL,"0",NULL,NULL,NULL,"[]","[""f7378a4c-11f8-4626-8215-0c7263f8504b"",""5a101b95-4a47-4bdf-b38c-f9f72fc0b158"",""2e929c5c-cb72-4e09-9c03-44d55721a89a"",""dc3eb90a-c581-48b6-9904-a8535073e589""]","[]",NULL,"26df08fa-290d-47ff-b067-9503e8652925","2023-08-14 06:10:48.902854","[]",NULL,"2023-08-14 06:11:03.054",False,"0","","b53c70dc-07db-46a5-8393-ded5d7eed311","ff198856-6055-4a6e-8653-d15446b92c8d",0,NULL,True,"{""kcal"":555,""fat"":345,""carb"":566,""protien"":22}","[]"
"832c8f5a-9479-46a0-bce9-c485e6dd9b5a",NULL,NULL,"Grandma Pizza","r-0057","7","","{}",NULL,"menuItem",NULL,"{}","",NULL,NULL,NULL,1,NULL,"0",NULL,NULL,NULL,"[{""index"":0,""optionGroupId"":""0389b6f4-edad-4edc-8372-a21613debb21"",""title"":""Pizza""}]","[""f7378a4c-11f8-4626-8215-0c7263f8504b"",""bf340feb-9d8b-4465-91a8-e8de9ca78f4f"",""2e929c5c-cb72-4e09-9c03-44d55721a89a"",""5a101b95-4a47-4bdf-b38c-f9f72fc0b158""]","[]",NULL,"26df08fa-290d-47ff-b067-9503e8652925","2023-08-14 06:13:59.184459","[]",NULL,"2023-08-14 06:13:59.279",False,"0","","b53c70dc-07db-46a5-8393-ded5d7eed311","eee341c3-303e-4e9a-a02e-09de17f35dae",0,NULL,True,"{""kcal"":0,""fat"":0,""carb"":0,""protien"":0}","[]"
"19ff3677-c605-4ce3-84ed-ef71b21be9aa",NULL,NULL,"Buffalo Chicken Pizza","r-0058","3.9","","{}",NULL,"menuItem",NULL,"{}","",NULL,NULL,NULL,1,NULL,"0",NULL,NULL,NULL,"[]","[""f7378a4c-11f8-4626-8215-0c7263f8504b"",""19748b34-bd79-4a2a-9bfc-c5e9107cc165"",""c8b49278-3952-478f-ab27-331d47cb11c8""]","[]",NULL,"26df08fa-290d-47ff-b067-9503e8652925","2023-08-14 06:19:29.902522","[]",NULL,"2023-08-14 06:20:35.592",False,"0","","b53c70dc-07db-46a5-8393-ded5d7eed311","94e55384-29fa-4868-887e-681f1581464e",0,NULL,True,"{""kcal"":556,""fat"":336,""carb"":23,""protien"":70}","[]"
"dda17a76-d43c-44bd-b1e7-2eccc804d79d",NULL,NULL,"Barbican Strawberry","r-0079","1","","{}",NULL,"menuItem",NULL,"{}","",NULL,NULL,NULL,1,NULL,"0",NULL,NULL,NULL,"[]","[""93a00623-5d02-48cb-bc20-5a4d80f54ca3"",""5ddbd2fe-5407-4f02-8541-e69b42db1bac""]","[]",NULL,"26df08fa-290d-47ff-b067-9503e8652925","2023-08-14 11:39:46.201478","[]",NULL,"2023-08-14 12:47:40.988",False,"0","rgba(202, 0, 80, 1)","b53c70dc-07db-46a5-8393-ded5d7eed311","256dd6b9-c08d-4a38-b7a7-e4999d48169d",0,NULL,True,"{""kcal"":0,""fat"":0,""carb"":0,""protien"":0}","[]"
"67f4c9e1-18ef-4045-9b3f-b91000dc52a1",NULL,NULL,"Pizza Bagel","r-0059","4","","{}",NULL,"menuItem",NULL,"{}","",NULL,NULL,NULL,1,NULL,"0",NULL,NULL,NULL,"[{""index"":0,""optionGroupId"":""0389b6f4-edad-4edc-8372-a21613debb21"",""title"":""Pizza""}]","[""f7378a4c-11f8-4626-8215-0c7263f8504b"",""19748b34-bd79-4a2a-9bfc-c5e9107cc165"",""36647800-e5e4-4410-b4c3-1e927d18605e"",""bf340feb-9d8b-4465-91a8-e8de9ca78f4f""]","[]",NULL,"26df08fa-290d-47ff-b067-9503e8652925","2023-08-14 06:49:02.542075","[]",NULL,"2023-08-14 06:49:43.715",False,"0","",NULL,"f27f017b-fac5-447a-aa06-b746f1d63958",0,NULL,True,"{""kcal"":433,""fat"":567,""carb"":987,""protien"":346}","[]"
"4ebe060a-74fb-4244-bd2b-1d17c2150c69",NULL,NULL,"Cheese Pizza","r-0060","7","","{}",NULL,"menuItem",NULL,"{}","",NULL,NULL,NULL,1,NULL,"0",NULL,NULL,NULL,"[]","[]","[]",NULL,"26df08fa-290d-47ff-b067-9503e8652925","2023-08-14 06:50:43.243771","[]",NULL,"2023-08-14 06:51:56.207",False,"0","","b53c70dc-07db-46a5-8393-ded5d7eed311","704be615-48e9-4999-8d90-bf68c05e71bc",0,NULL,True,"{""kcal"":343,""fat"":45,""carb"":677,""protien"":655}","[]"
"d920593f-7275-4af0-b524-b144c09e0221",NULL,NULL,"Calzone Pizza","r-0061","3","","{}",NULL,"menuItem",NULL,"{}","",NULL,NULL,NULL,1,NULL,"0",NULL,NULL,NULL,"[]","[]","[]",NULL,"26df08fa-290d-47ff-b067-9503e8652925","2023-08-14 07:29:56.675884","[]",NULL,"2023-08-14 07:33:28.686",False,"0","","b53c70dc-07db-46a5-8393-ded5d7eed311","26051775-b853-4949-a541-ff7fb3ae2918",0,NULL,True,"{""kcal"":33,""fat"":432,""carb"":77,""protien"":245}","[]"
"f1b9631b-2283-4c14-a8c1-4d400e154f0e",NULL,NULL,"Napoletana Pizza","r-0062","11","","{}",NULL,"menuItem",NULL,"{}","",NULL,NULL,NULL,1,NULL,"0",NULL,NULL,NULL,"[]","[""f7378a4c-11f8-4626-8215-0c7263f8504b"",""bf340feb-9d8b-4465-91a8-e8de9ca78f4f"",""5a101b95-4a47-4bdf-b38c-f9f72fc0b158""]","[]",NULL,"26df08fa-290d-47ff-b067-9503e8652925","2023-08-14 07:33:03.76999","[]",NULL,"2023-08-14 07:38:03.801",False,"0","","b53c70dc-07db-46a5-8393-ded5d7eed311","d57cac7d-53d1-4700-9ea1-761c88533712",0,NULL,True,"{""kcal"":344,""fat"":563,""carb"":223,""protien"":44}","[]"
"1d8a6dbb-7e63-4f35-9003-ee8b192f1238",NULL,NULL,"Water bottle evian","r-0070","0.5","","{}",NULL,"menuItem",NULL,"{}","",NULL,NULL,NULL,1,NULL,"0",NULL,NULL,NULL,"[]","[""93a00623-5d02-48cb-bc20-5a4d80f54ca3"",""5ddbd2fe-5407-4f02-8541-e69b42db1bac""]","[]",NULL,"26df08fa-290d-47ff-b067-9503e8652925","2023-08-14 10:25:07.464354","[]",NULL,"2023-08-14 11:06:13.394",False,"0","rgba(116, 182, 46, 1)","b53c70dc-07db-46a5-8393-ded5d7eed311","55d8c67a-ea80-4a2e-8bbe-4f3d9e36eb10",0,NULL,True,"{""kcal"":0,""fat"":0,""carb"":0,""protien"":0}","[]"
"64d8ff8f-c247-4f91-86f6-ff61cdb7d1d0",NULL,NULL,"Quattro Formaggi Pizza","r-0063","5","","{}",NULL,"menuItem",NULL,"{}","",NULL,NULL,NULL,1,NULL,"0",NULL,NULL,NULL,"[]","[]","[]",NULL,"26df08fa-290d-47ff-b067-9503e8652925","2023-08-14 07:43:08.650542","[]",NULL,"2023-08-14 08:17:58.205",False,"0","","b53c70dc-07db-46a5-8393-ded5d7eed311","d4dd5275-ff22-436f-9203-bbe08d1b6f05",0,NULL,True,"{""kcal"":0,""fat"":0,""carb"":0,""protien"":0}","[]"
"1bdbb7c7-956e-41c4-a35c-9310a0babe84",NULL,NULL,"Capricciosa Pizza","r-0064","16","","{}",NULL,"menuItem",NULL,"{}","",NULL,NULL,NULL,1,NULL,"0",NULL,NULL,NULL,"[]","[]","[]",NULL,"26df08fa-290d-47ff-b067-9503e8652925","2023-08-14 07:45:59.963319","[]",NULL,"2023-08-14 08:18:06.209",False,"0","","b53c70dc-07db-46a5-8393-ded5d7eed311","efaf1d61-ba3e-4e9f-8122-a61278f74622",0,NULL,True,"{""kcal"":200,""fat"":778,""carb"":120,""protien"":33}","[]"
"491eb759-a48c-42a8-bed1-41ed1df05079",NULL,NULL,"schweppes","r-0072","0.7","","{}",NULL,"menuItem",NULL,"{}","",NULL,NULL,NULL,1,NULL,"0",NULL,NULL,NULL,"[]","[""93a00623-5d02-48cb-bc20-5a4d80f54ca3"",""5ddbd2fe-5407-4f02-8541-e69b42db1bac""]","[]",NULL,"26df08fa-290d-47ff-b067-9503e8652925","2023-08-14 10:38:18.095692","[]",NULL,"2023-08-14 12:42:52.484",False,"0","rgba(0, 173, 178, 1)","b53c70dc-07db-46a5-8393-ded5d7eed311","7559cf64-c0bb-46de-add9-1e1e0c9e2e56",0,NULL,True,"{""kcal"":0,""fat"":0,""carb"":0,""protien"":0}","[]"
"63ffcfa6-5374-47bf-81cb-cb005b2a6dac",NULL,NULL,"Sprite","r-0066","0","","{}",NULL,"menuItem",NULL,"{}","",NULL,NULL,NULL,1,NULL,"0",NULL,NULL,NULL,"[]","[""93a00623-5d02-48cb-bc20-5a4d80f54ca3"",""5ddbd2fe-5407-4f02-8541-e69b42db1bac""]","[]",NULL,"26df08fa-290d-47ff-b067-9503e8652925","2023-08-14 09:57:16.640885","[]",NULL,"2023-08-14 09:57:24.417",False,"0","","b53c70dc-07db-46a5-8393-ded5d7eed311","c125db6f-0067-4262-b454-54a92787536f",0,NULL,True,"{""kcal"":120,""fat"":99,""carb"":2,""protien"":342}","[]"
"127da551-c94f-4cd3-b4a5-b9b59ab16e36",NULL,NULL,"Cola Zero","r-0071","0.4","","{}",NULL,"menuItem",NULL,"{}","",NULL,NULL,NULL,1,NULL,"0",NULL,NULL,NULL,"[]","[""93a00623-5d02-48cb-bc20-5a4d80f54ca3"",""5ddbd2fe-5407-4f02-8541-e69b42db1bac""]","[]",NULL,"26df08fa-290d-47ff-b067-9503e8652925","2023-08-14 10:35:41.995877","[]",NULL,"2023-08-14 10:35:54.164",False,"0","","b53c70dc-07db-46a5-8393-ded5d7eed311","fc8bfd00-59fe-4a05-8d7c-2d72b0ec4afa",0,NULL,True,"{""kcal"":333,""fat"":456,""carb"":33,""protien"":33}","[]"
"7d5aaff6-9c1d-4a20-bf87-a92b5ac827ca",NULL,NULL,"Chicken Crooket","r-0006","1.9","","{}",NULL,"menuItem",NULL,"{}","",NULL,NULL,NULL,1,NULL,"0",NULL,NULL,NULL,"[]","[""f7378a4c-11f8-4626-8215-0c7263f8504b"",""19748b34-bd79-4a2a-9bfc-c5e9107cc165"",""36647800-e5e4-4410-b4c3-1e927d18605e"",""e9e8d365-5918-42c8-8576-35a7ad7f7b8c"",""bf340feb-9d8b-4465-91a8-e8de9ca78f4f"",""6d6a186a-0e21-4acb-95bf-261ea0c8e67f"",""5a101b95-4a47-4bdf-b38c-f9f72fc0b158"",""c0a02bc2-1f47-40c4-b015-87d0ca2a5903"",""3732e313-f790-48a6-93d2-4e94ad158a5b"",""9f8837c3-0039-4b72-8b07-ea4dfb71b748""]","[]",NULL,"26df08fa-290d-47ff-b067-9503e8652925","2023-08-08 08:47:20.776953","[]",NULL,"2023-08-14 10:41:45.568",False,"0","rgba(0, 173, 178, 1)",NULL,"797acbba-8654-445f-a2ff-c6bd1af1d919",0,NULL,True,"{""kcal"":0,""fat"":0,""carb"":0,""protien"":0}","[]"
"ff389d3c-f68e-4b60-90e0-9d8c54ad20e5",NULL,NULL,"Smash burger","r-0001 ","2.8","","{}",NULL,"menuItem",NULL,"{}","",NULL,NULL,NULL,1,NULL,"0",NULL,NULL,NULL,"[]","[""f7378a4c-11f8-4626-8215-0c7263f8504b"",""19748b34-bd79-4a2a-9bfc-c5e9107cc165"",""36647800-e5e4-4410-b4c3-1e927d18605e"",""e9e8d365-5918-42c8-8576-35a7ad7f7b8c"",""bf340feb-9d8b-4465-91a8-e8de9ca78f4f"",""6d6a186a-0e21-4acb-95bf-261ea0c8e67f"",""5a101b95-4a47-4bdf-b38c-f9f72fc0b158"",""c0a02bc2-1f47-40c4-b015-87d0ca2a5903"",""3732e313-f790-48a6-93d2-4e94ad158a5b"",""9f8837c3-0039-4b72-8b07-ea4dfb71b748""]","[]",NULL,"26df08fa-290d-47ff-b067-9503e8652925","2023-08-08 07:13:19.962874","[]",NULL,"2023-08-14 10:41:54.55",False,"0","rgba(243, 207, 73,1)","b53c70dc-07db-46a5-8393-ded5d7eed311","5b0deb56-b12d-4358-a4f0-c2e60dd98443",0,NULL,True,"{""kcal"":400,""fat"":150,""carb"":70,""protien"":177}","[]"
"ebf0c777-45a7-4483-8d87-bebcbc8bea45",NULL,NULL,"Schweppes Bitter Lemon","r-0073","0.5","","{}",NULL,"menuItem",NULL,"{}","",NULL,NULL,NULL,1,NULL,"0",NULL,NULL,NULL,"[]","[""93a00623-5d02-48cb-bc20-5a4d80f54ca3"",""5ddbd2fe-5407-4f02-8541-e69b42db1bac""]","[]",NULL,"26df08fa-290d-47ff-b067-9503e8652925","2023-08-14 11:00:27.236378","[]",NULL,"2023-08-14 12:43:00.308",False,"0","rgba(0, 173, 178, 1)","b53c70dc-07db-46a5-8393-ded5d7eed311","029fe41d-978d-4383-8e62-7cab309bcd68",0,NULL,True,"{""kcal"":0,""fat"":0,""carb"":0,""protien"":0}","[]"
"c0e7eb79-a30a-43b9-ac26-3c479b634f95",NULL,NULL,"Pepsi Or Cola","r-0065","0.3","","{}",NULL,"menuItem",NULL,"{}","",NULL,NULL,NULL,1,NULL,"0",NULL,NULL,NULL,"[]","[""93a00623-5d02-48cb-bc20-5a4d80f54ca3"",""5ddbd2fe-5407-4f02-8541-e69b42db1bac""]","[]",NULL,"26df08fa-290d-47ff-b067-9503e8652925","2023-08-14 08:16:58.782477","[]",NULL,"2023-08-14 12:41:22.462",False,"0","rgba(0, 123, 230, 1)","b53c70dc-07db-46a5-8393-ded5d7eed311","5410b9fc-3ddf-454f-8fb5-d596361fd84e",0,NULL,True,"{""kcal"":0,""fat"":0,""carb"":0,""protien"":0}","[]"
"cbd88cef-400c-4367-9ecf-2ca28f093c4c",NULL,NULL,"Red Bull","r-0080","1.7","","{}",NULL,"menuItem",NULL,"{}","",NULL,NULL,NULL,1,NULL,"0",NULL,NULL,NULL,"[]","[]","[]",NULL,"26df08fa-290d-47ff-b067-9503e8652925","2023-08-14 11:40:39.165559","[]",NULL,"2023-08-14 12:45:50.005",False,"0","rgba(202, 0, 80, 1)","b53c70dc-07db-46a5-8393-ded5d7eed311","d79abe08-9767-4f42-8317-d42f562b924f",0,NULL,True,"{""kcal"":400,""fat"":37,""carb"":22,""protien"":300}","[]"
"778a0281-e658-4b94-ae73-2e44c3ffe94a",NULL,NULL,"Orange Fanta","r-0067","0.3","","{}",NULL,"menuItem",NULL,"{}","",NULL,NULL,NULL,1,NULL,"0",NULL,NULL,NULL,"[]","[""93a00623-5d02-48cb-bc20-5a4d80f54ca3"",""5ddbd2fe-5407-4f02-8541-e69b42db1bac""]","[]",NULL,"26df08fa-290d-47ff-b067-9503e8652925","2023-08-14 09:58:29.070391","[]",NULL,"2023-08-14 12:42:02.967",False,"0","rgba(0, 173, 178, 1)",NULL,"e7de2b1d-b47f-4097-945e-03d2c2e402b5",0,NULL,True,"{""kcal"":453,""fat"":34,""carb"":345,""protien"":333}","[]"
"9d42f153-ebcd-4609-b477-a212960e2d1c",NULL,NULL,"Lipton Peach Ice Tea","r-0075","0.5","","{}",NULL,"menuItem",NULL,"{}","",NULL,NULL,NULL,1,NULL,"0",NULL,NULL,NULL,"[]","[""93a00623-5d02-48cb-bc20-5a4d80f54ca3"",""5ddbd2fe-5407-4f02-8541-e69b42db1bac""]","[]",NULL,"26df08fa-290d-47ff-b067-9503e8652925","2023-08-14 11:10:56.104005","[]",NULL,"2023-08-14 11:14:22.1",False,"0","","b53c70dc-07db-46a5-8393-ded5d7eed311","059630a3-c600-43ce-b2e3-a62882ecf94b",0,NULL,True,"{""kcal"":44,""fat"":555,""carb"":334,""protien"":33}","[]"
"fae11dd0-ebad-48e7-bfc3-b39f30ca0793",NULL,NULL,"Lemon Fanta","r-0069","0.3","","{}",NULL,"menuItem",NULL,"{}","",NULL,NULL,NULL,1,NULL,"0",NULL,NULL,NULL,"[]","[""93a00623-5d02-48cb-bc20-5a4d80f54ca3"",""5ddbd2fe-5407-4f02-8541-e69b42db1bac""]","[]",NULL,"26df08fa-290d-47ff-b067-9503e8652925","2023-08-14 10:03:02.917499","[]",NULL,"2023-08-14 12:41:53.718",False,"0","rgba(0, 173, 178, 1)","b53c70dc-07db-46a5-8393-ded5d7eed311","6a7d19b4-6ea5-4466-8da0-0317453275d9",0,NULL,True,"{""kcal"":0,""fat"":0,""carb"":0,""protien"":0}","[]"
"9d366bd9-9e03-4855-9362-be6deb0a4dc2",NULL,NULL,"Schweppes Tonic Water","r-0074","0.5","","{}",NULL,"menuItem",NULL,"{}","",NULL,NULL,NULL,1,NULL,"0",NULL,NULL,NULL,"[]","[""93a00623-5d02-48cb-bc20-5a4d80f54ca3"",""5ddbd2fe-5407-4f02-8541-e69b42db1bac""]","[]",NULL,"26df08fa-290d-47ff-b067-9503e8652925","2023-08-14 11:02:01.885601","[]",NULL,"2023-08-14 12:42:56.715",False,"0","rgba(0, 173, 178, 1)","b53c70dc-07db-46a5-8393-ded5d7eed311","a3d8d684-641f-4a21-9007-550b235d9b68",0,NULL,True,"{""kcal"":0,""fat"":0,""carb"":0,""protien"":0}","[]"
"54cd9dfc-8d7f-4067-89b5-ed2099743feb",NULL,NULL,"Barbican","r-0078","0","","{}",NULL,"menuItem",NULL,"{}","",NULL,NULL,NULL,1,NULL,"0",NULL,NULL,NULL,"[]","[""93a00623-5d02-48cb-bc20-5a4d80f54ca3"",""5ddbd2fe-5407-4f02-8541-e69b42db1bac""]","[]",NULL,"26df08fa-290d-47ff-b067-9503e8652925","2023-08-14 11:38:29.934196","[]",NULL,"2023-08-14 12:45:15.532",False,"0","rgba(202, 0, 80, 1)","b53c70dc-07db-46a5-8393-ded5d7eed311","cc8bd1af-bd33-43fd-94b2-19ef78147511",0,NULL,True,"{""kcal"":0,""fat"":0,""carb"":0,""protien"":0}","[]"
"3e0ba754-ddcc-485d-ab12-a82594e6a8f2",NULL,NULL,"Strawberry Fanta","r-0068","0.3","","{}",NULL,"menuItem",NULL,"{}","",NULL,NULL,NULL,1,NULL,"0",NULL,NULL,NULL,"[]","[]","[]",NULL,"26df08fa-290d-47ff-b067-9503e8652925","2023-08-14 10:01:13.006505","[]",NULL,"2023-08-14 12:41:57.879",False,"0","rgba(0, 173, 178, 1)","b53c70dc-07db-46a5-8393-ded5d7eed311","8949d20d-889b-4a5b-9344-cb686d2b8853",0,NULL,True,"{""kcal"":0,""fat"":0,""carb"":0,""protien"":0}","[]"
"fe93ee8e-5c4a-4261-909c-aba86a2256b5",NULL,NULL,"Lipton Lemon Flavoured Ice Tea","r-0076","0.7","","{}",NULL,"menuItem",NULL,"{}","",NULL,NULL,NULL,1,NULL,"0",NULL,NULL,NULL,"[]","[""93a00623-5d02-48cb-bc20-5a4d80f54ca3"",""5ddbd2fe-5407-4f02-8541-e69b42db1bac""]","[]",NULL,"26df08fa-290d-47ff-b067-9503e8652925","2023-08-14 11:14:07.305948","[]",NULL,"2023-08-14 12:42:31.106",False,"0","rgba(0, 173, 178, 1)","b53c70dc-07db-46a5-8393-ded5d7eed311","c23a7c43-be15-4a85-9780-5981e575d992",0,NULL,True,"{""kcal"":334,""fat"":112,""carb"":445,""protien"":442}","[]"
"506a795e-8e24-4ac9-ba3e-a31db001c742",NULL,NULL,"Canada Dry","r-0082","0.7","","{}",NULL,"menuItem",NULL,"{}","",NULL,NULL,NULL,1,NULL,"0",NULL,NULL,NULL,"[]","[""93a00623-5d02-48cb-bc20-5a4d80f54ca3"",""5ddbd2fe-5407-4f02-8541-e69b42db1bac""]","[]",NULL,"26df08fa-290d-47ff-b067-9503e8652925","2023-08-14 11:59:45.179532","[]",NULL,"2023-08-14 12:45:39.022",False,"0","rgba(202, 0, 80, 1)","b53c70dc-07db-46a5-8393-ded5d7eed311","87c06e8f-a21e-4199-b0be-86866c34ba17",0,NULL,True,"{""kcal"":0,""fat"":0,""carb"":0,""protien"":0}","[]"
"e5d69ecd-c4b7-4248-97d6-f894c9434636",NULL,NULL,"Lipton Red Fruits Ice Tea","r-0083","0.9","","{}",NULL,"menuItem",NULL,"{}","",NULL,NULL,NULL,1,NULL,"0",NULL,NULL,NULL,"[]","[""93a00623-5d02-48cb-bc20-5a4d80f54ca3"",""5ddbd2fe-5407-4f02-8541-e69b42db1bac""]","[]",NULL,"26df08fa-290d-47ff-b067-9503e8652925","2023-08-14 12:37:39.193395","[]",NULL,"2023-08-14 13:20:20.403",False,"0","","b53c70dc-07db-46a5-8393-ded5d7eed311","46822f0b-df5a-48bf-a608-69f568e72817",0,NULL,True,"{""kcal"":0,""fat"":0,""carb"":0,""protien"":0}","[]"
"9e9bbdc6-3c2a-4a0a-8893-724561371d5c",NULL,NULL,"Pomegranate juice","r-0086","1.3","","{}",NULL,"menuItem",NULL,"{}","",NULL,NULL,NULL,30,NULL,"0",NULL,NULL,NULL,"[]","[]","[]",NULL,"26df08fa-290d-47ff-b067-9503e8652925","2023-08-15 06:02:52.766431","[]",NULL,"2023-08-15 06:02:52.876",False,"0","","b53c70dc-07db-46a5-8393-ded5d7eed311","1e355e01-6c85-4d83-9b90-792f541ce1dd",0,NULL,True,"{""kcal"":33,""fat"":54,""carb"":89,""protien"":27}","[]"
"cc030f8e-0edf-4984-b6c5-14fa83b65bc3",NULL,NULL,"Blackberries Juice","r-0085","1.1","","{}",NULL,"menuItem",NULL,"{}","",NULL,NULL,NULL,30,NULL,"0",NULL,NULL,NULL,"[{""index"":0,""optionGroupId"":""7bac9768-d617-4e54-a73a-8b47833da478"",""title"":""Size""}]","[]","[]",NULL,"26df08fa-290d-47ff-b067-9503e8652925","2023-08-15 05:53:00.474725","[]",NULL,"2023-08-15 06:04:08.675",False,"0","","b53c70dc-07db-46a5-8393-ded5d7eed311","6c8ef9ee-1375-4a28-ba83-8715a8cda4bd",0,NULL,True,"{""kcal"":0,""fat"":0,""carb"":0,""protien"":0}","[]"
"847fea08-50cc-440b-9dc4-345b9632b2a0",NULL,NULL,"Orange juice","r-0084","1.2","","{""name"":{""en"":""Orange juice""},""description"":{""en"":""""}}",NULL,"menuItem",NULL,"{}","",NULL,NULL,NULL,30,NULL,"0",NULL,NULL,NULL,"[{""index"":0,""optionGroupId"":""7bac9768-d617-4e54-a73a-8b47833da478"",""title"":""Size""}]","[]","[]",NULL,"26df08fa-290d-47ff-b067-9503e8652925","2023-08-15 05:46:41.700147","[]",NULL,"2023-08-30 06:12:16.579",False,"0","","b53c70dc-07db-46a5-8393-ded5d7eed311","18d13ec4-ba97-4350-8b9a-3dd6f0c2a2f3",0,NULL,True,"{""kcal"":0,""fat"":0,""carb"":0,""protien"":0}","[]"
"2e226a1f-1ce2-425d-b690-3d70085d24f1",NULL,NULL,"Kiwifruit juice","r-0089","7.7","","{""name"":{""en"":""Kiwifruit juice""},""description"":{""en"":""""}}",NULL,"menuItem",NULL,"{}","",NULL,NULL,NULL,30,NULL,"0",NULL,NULL,NULL,"[]","[""93a00623-5d02-48cb-bc20-5a4d80f54ca3"",""921d8cce-fabc-4725-9e98-ba64d3955bd4"",""5ddbd2fe-5407-4f02-8541-e69b42db1bac"",""72ef509d-1343-4d06-a695-a9fdb7b59875""]","[]",NULL,"26df08fa-290d-47ff-b067-9503e8652925","2023-08-15 06:45:01.608337","[]",NULL,"2023-08-30 06:13:34.687",False,"0","","b53c70dc-07db-46a5-8393-ded5d7eed311","d874fe06-ceb7-4463-8a22-e7ad04e563b0",0,NULL,True,"{""kcal"":0,""fat"":0,""carb"":0,""protien"":0}","[]"
"a950fefe-c2b8-40e2-958a-7ba419e45f0d",NULL,NULL,"Grape juice","r-0090","1","","{}",NULL,"menuItem",NULL,"{}","",NULL,NULL,NULL,30,NULL,"0",NULL,NULL,NULL,"[]","[""93a00623-5d02-48cb-bc20-5a4d80f54ca3"",""921d8cce-fabc-4725-9e98-ba64d3955bd4"",""72ef509d-1343-4d06-a695-a9fdb7b59875"",""5ddbd2fe-5407-4f02-8541-e69b42db1bac"",""4536da2a-b04d-4cef-b334-97a7d0164b24""]","[]",NULL,"26df08fa-290d-47ff-b067-9503e8652925","2023-08-15 06:48:51.32545","[]",NULL,"2023-08-15 06:52:43.563",False,"0","","b53c70dc-07db-46a5-8393-ded5d7eed311","8c57f2b0-fc1b-47be-bca1-0c3ae8a23012",0,NULL,True,"{""kcal"":344,""fat"":233,""carb"":65,""protien"":87}","[]"
"8bed80da-b839-4b80-9bdb-701cd3d13594",NULL,NULL,"Machboos Lamp","r-0091","4","For one person","{}",NULL,"menuItem",NULL,"{}","",NULL,NULL,NULL,30,NULL,"0",NULL,NULL,NULL,"[]","[]","[]",NULL,"26df08fa-290d-47ff-b067-9503e8652925","2023-08-15 10:25:24.764473","[]",NULL,"2023-08-15 10:25:24.852",False,"0","","b53c70dc-07db-46a5-8393-ded5d7eed311","9aa6a661-251e-415e-9e87-0790cbca5195",0,NULL,True,"{""kcal"":560,""fat"":700,""carb"":434,""protien"":322}","[]"
"b332ed35-97c2-4be4-ae2b-1f4054f9c3bf",NULL,NULL,"Chicken Machboos","r-0092","3.5","","{}",NULL,"menuItem",NULL,"{}","",NULL,NULL,NULL,30,NULL,"0",NULL,NULL,NULL,"[]","[""f7378a4c-11f8-4626-8215-0c7263f8504b"",""3732e313-f790-48a6-93d2-4e94ad158a5b"",""c0cd1a32-8da6-4379-8085-8c50fc97abc4""]","[]",NULL,"26df08fa-290d-47ff-b067-9503e8652925","2023-08-15 10:32:03.577832","[]",NULL,"2023-08-15 10:33:54.005",False,"0","","b53c70dc-07db-46a5-8393-ded5d7eed311","4060971d-e4a8-4c45-b177-1f20c44530f6",0,NULL,True,"{""kcal"":658,""fat"":344,""carb"":844,""protien"":99}","[]"
"9998490d-23c4-4399-aa48-c02ca651e1cf",NULL,NULL,"Guzi lamp","r-0093","8","","{""name"":{""en"":""Guzi lamp""},""description"":{""en"":""""}}",NULL,"menuItem",NULL,"{}","",NULL,NULL,NULL,30,NULL,"0",NULL,NULL,NULL,"[]","[""f7378a4c-11f8-4626-8215-0c7263f8504b"",""3732e313-f790-48a6-93d2-4e94ad158a5b""]","[]",NULL,"26df08fa-290d-47ff-b067-9503e8652925","2023-08-29 05:45:44.823838","[]",NULL,"2023-08-29 05:49:47.796",False,"0","","b53c70dc-07db-46a5-8393-ded5d7eed311","85cc9c8e-9b6b-4986-a668-4fcc6318e884",0,NULL,True,"{""kcal"":333,""fat"":543,""carb"":232,""protien"":442}","[]"
"023c1aa5-9a06-4564-8759-c9f13549f200",NULL,1,"Yoders Canned Bacon","M-000002","1.2","120 ML","{}",NULL,"inventory",NULL,"{Yoders,Bacon,Canned}","",NULL,NULL,NULL,NULL,"6","0.8",NULL,NULL,NULL,NULL,NULL,NULL,NULL,"26df08fa-290d-47ff-b067-9503e8652925","2023-08-17 11:50:58.261356",NULL,NULL,"2023-08-17 11:50:58.35",False,"0","","b53c70dc-07db-46a5-8393-ded5d7eed311","9f22f18c-8d70-4a8d-89cb-3eb5fce4497c",NULL,False,True,NULL,NULL
"fa609d01-00d1-41a3-b604-90566ac52176",NULL,1,"California Garden Canned Sardines","M-000003","1.6","California Garden Canned Sardines In Hot Tomato Sauce 155g","{}","f965302e-126f-495d-ba2f-c74f9127f2dd","inventory",NULL,"{""California Garden"",Canned,Sardines}","",NULL,NULL,NULL,NULL,"6","0.8",NULL,NULL,NULL,NULL,NULL,NULL,NULL,"26df08fa-290d-47ff-b067-9503e8652925","2023-08-17 12:00:14.521113","[]",NULL,"2023-08-17 12:00:30.16",False,"0","","b53c70dc-07db-46a5-8393-ded5d7eed311","25bf32dd-494f-4732-8981-434b148a6887",NULL,False,True,NULL,NULL
"38f0bba5-65f6-4435-8a4d-7c604b745edb",NULL,1,"Swanson White Chunk Canned Chicken","M-000001","1.3","Swanson White Premium Chunk Canned Chicken Breast in Water, Fully Cooked Chicken, 4.5 OZ Can (Case of 24)","{}","2a453022-b711-469b-b415-06cd92acee24","inventory",NULL,"{canned,Chicken,Swanson}","",NULL,NULL,NULL,NULL,"6","0.9",NULL,NULL,NULL,NULL,NULL,NULL,NULL,"26df08fa-290d-47ff-b067-9503e8652925","2023-08-17 11:45:45.121941","[]",NULL,"2023-08-17 12:00:43.859",False,"0","","b53c70dc-07db-46a5-8393-ded5d7eed311","45ee6b92-3297-48c0-b6fa-a2ac67fa4d8d",NULL,False,True,NULL,NULL
"58dd99e9-c44e-4218-b030-9d0dbef86135",NULL,1,"Karami 1121 Basmati Rice","M-000004","7","1x20Kg

","{}","f11fecef-a633-4e69-9cf3-f0c2100543f9","inventory",NULL,"{}","",NULL,NULL,NULL,NULL,"4","5",NULL,NULL,NULL,NULL,NULL,NULL,NULL,"26df08fa-290d-47ff-b067-9503e8652925","2023-08-17 12:10:14.06349","[]",NULL,"2023-08-17 12:10:54.399",False,"0","","7fea3889-890f-4682-aa15-1001e8740ca7","edd9b009-6420-48ae-a8cc-69ae428c69ce",NULL,False,True,NULL,NULL
"372d6c83-e774-4327-b6e6-b184f95cd5f0",NULL,1,"Rice - Basmati - Swan 5000g","M-000005","9","Rice - Basmati - Swan 5000g","{}","f11fecef-a633-4e69-9cf3-f0c2100543f9","inventory",NULL,"{Basmati,Rice,Swan}","Rice - Basmati - Swan 5000g",NULL,NULL,NULL,NULL,"4","7",NULL,NULL,NULL,NULL,NULL,NULL,NULL,"26df08fa-290d-47ff-b067-9503e8652925","2023-08-17 12:18:07.717099","[]",NULL,"2023-08-17 12:18:34.139",False,"0","","b53c70dc-07db-46a5-8393-ded5d7eed311","cd7a98a9-71ff-4f60-98a6-955395438e23",NULL,False,True,NULL,NULL
"27926ac1-f58b-449f-8106-165aa65cd671",NULL,1,"hand Gloves","M-000006","1","","{}",NULL,"inventory",NULL,"{}","",NULL,NULL,NULL,NULL,"3","1",NULL,NULL,NULL,NULL,NULL,NULL,NULL,"26df08fa-290d-47ff-b067-9503e8652925","2023-08-17 12:27:49.865152","[]",NULL,"2023-08-17 12:48:36.681",False,"0","","b53c70dc-07db-46a5-8393-ded5d7eed311","cea05bde-6e0b-4169-bc3c-1d06a250d850",NULL,False,True,NULL,NULL
"6ca3f2fd-a5fa-4ae4-aa41-e75f21eb1f46",NULL,NULL,"ALMARAI FULLCREAM FRESH LABAN 2 LTR","M-000007","1.9","","{}","063743c3-1852-41a9-a96d-a655ff89febc","batch",NULL,"{ALMARAI,FULLCREAM,FRESH,LABAN}","",NULL,NULL,NULL,30,"4","0",NULL,NULL,NULL,NULL,NULL,NULL,NULL,"26df08fa-290d-47ff-b067-9503e8652925","2023-08-17 12:45:11.8144","[]",NULL,"2023-08-17 12:51:59.501",False,"0","","b53c70dc-07db-46a5-8393-ded5d7eed311","61f4d33d-1816-4fbb-a950-8d6d8c93756a",NULL,NULL,True,NULL,NULL
"f80ef04f-0cc3-466f-a649-e5f765dacb24",NULL,NULL,"Almarai Spreadable Cream Cheese 900g","M-000008","2.3","","{}","142e2296-dc9a-4e63-9f56-ca5646f4b0f1","batch",NULL,"{}","",NULL,NULL,NULL,NULL,"4","0",NULL,NULL,NULL,NULL,NULL,NULL,NULL,"26df08fa-290d-47ff-b067-9503e8652925","2023-08-20 05:37:41.565311","[]",NULL,"2023-08-20 05:37:41.648",False,"0","","b53c70dc-07db-46a5-8393-ded5d7eed311","4ed92ffd-e562-4505-aaa8-4fd099abce31",NULL,NULL,True,NULL,NULL
"49fde287-c791-440d-af7c-bb3ea475304e",NULL,NULL,"ALMARAI PROCESSED CHEDDAR CHEESE CAN 113 GMS","M-000009","0.9","","{}","9f8be879-5504-423e-a3f2-fe2b89e31ad7","batch",NULL,"{}","",NULL,NULL,NULL,30,"6","0",NULL,NULL,NULL,NULL,NULL,NULL,NULL,"26df08fa-290d-47ff-b067-9503e8652925","2023-08-20 05:52:34.141383","[]",NULL,"2023-08-20 05:54:46.171",False,"0","","b53c70dc-07db-46a5-8393-ded5d7eed311","0c0b396b-efb2-4e51-96f1-957be35ee30d",NULL,NULL,True,NULL,NULL
"d6cfc1ef-f6eb-4130-bc69-d9bbc347ec97",NULL,NULL,"ALMARAI SANDWICH SLICE CHEESE 200GM","M-000010","1.7","","{}","9f8be879-5504-423e-a3f2-fe2b89e31ad7","batch",NULL,"{}","",NULL,NULL,NULL,NULL,"3","0",NULL,NULL,NULL,NULL,NULL,NULL,NULL,"26df08fa-290d-47ff-b067-9503e8652925","2023-08-20 06:02:15.428053","[]",NULL,"2023-08-20 06:02:15.51",False,"0","","b53c70dc-07db-46a5-8393-ded5d7eed311","9842a0e3-492b-4b97-ac74-2c3305a8b15c",NULL,NULL,True,NULL,NULL
"2d72f874-ee03-40e2-9a1a-c2eaead9f631",NULL,NULL,"Almarai Cream Cheese Portions, 4 Pieces, 108g","M-000011","1.91","","{""name"":{""en"":""Almarai Cream Cheese Portions, 4 Pieces, 108g""},""description"":{""en"":""""}}","142e2296-dc9a-4e63-9f56-ca5646f4b0f1","batch",NULL,"{}","",NULL,NULL,NULL,30,"5","1.2",NULL,NULL,NULL,NULL,NULL,NULL,NULL,"26df08fa-290d-47ff-b067-9503e8652925","2023-08-20 09:14:12.573152","[]",NULL,"2023-08-28 08:42:52.681",False,"0","","b53c70dc-07db-46a5-8393-ded5d7eed311","26b22213-e735-4200-8116-94e5f629d9c9",NULL,NULL,True,NULL,NULL
"e2055f39-638e-4420-bbb2-5444eb6e3601",NULL,NULL,"Madfoon chicken","r-0094","3","","{""name"":{""en"":""""},""description"":{""en"":""""}}",NULL,"menuItem",NULL,"{}","",NULL,NULL,NULL,30,NULL,"0",NULL,NULL,NULL,"[]","[""f7378a4c-11f8-4626-8215-0c7263f8504b"",""3732e313-f790-48a6-93d2-4e94ad158a5b""]","[]",NULL,"26df08fa-290d-47ff-b067-9503e8652925","2023-08-29 05:53:12.68266","[]",NULL,"2023-08-29 05:53:12.808",False,"0","",NULL,"c23a3382-93f1-411d-90d3-b32b3fd0f358",0,NULL,True,"{""kcal"":234,""fat"":665,""carb"":234,""protien"":822}","[]"
"723bf383-8678-411f-a187-6dd7e780405e",NULL,NULL,"Guzi Chicken","r-0095","5","","{""name"":{""en"":""""},""description"":{""en"":""""}}",NULL,"menuItem",NULL,"{}","",NULL,NULL,NULL,30,NULL,"0",NULL,NULL,NULL,"[]","[""3732e313-f790-48a6-93d2-4e94ad158a5b"",""f7378a4c-11f8-4626-8215-0c7263f8504b""]","[]",NULL,"26df08fa-290d-47ff-b067-9503e8652925","2023-08-29 06:01:31.87491","[]",NULL,"2023-08-29 06:01:31.978",False,"0","","b53c70dc-07db-46a5-8393-ded5d7eed311","696fff94-a480-4f1c-9ebc-aa59a0eca664",0,NULL,True,"{""kcal"":559,""fat"":355,""carb"":644,""protien"":377}","[]"
"1567eb37-594f-4e16-ae57-b0ae51f3fc04",NULL,NULL,"Madfoon lamp","r-0096","7","","{""name"":{""en"":""Madfoon lamp""},""description"":{""en"":""""}}",NULL,"menuItem",NULL,"{}","",NULL,NULL,NULL,30,NULL,"0",NULL,NULL,NULL,"[]","[""f7378a4c-11f8-4626-8215-0c7263f8504b"",""3732e313-f790-48a6-93d2-4e94ad158a5b"",""241e092c-d71f-49fa-85b7-e1ca5d2cac71""]","[]",NULL,"26df08fa-290d-47ff-b067-9503e8652925","2023-08-29 06:06:51.226871","[]",NULL,"2023-08-29 06:07:00.296",False,"0","",NULL,"2f16358a-f1c5-4068-a1b6-921454bf6e38",0,NULL,True,"{""kcal"":44,""fat"":887,""carb"":47,""protien"":448}","[]"
"aed3aa62-fa14-4a94-8579-e7905e34de0a",NULL,NULL,"Mandi Chicken","r-0098","4.5","","{""name"":{""en"":""Mandi Chicken""},""description"":{""en"":""""}}",NULL,"menuItem",NULL,"{}","",NULL,NULL,NULL,30,NULL,"0",NULL,NULL,NULL,"[]","[""3732e313-f790-48a6-93d2-4e94ad158a5b"",""241e092c-d71f-49fa-85b7-e1ca5d2cac71"",""f7378a4c-11f8-4626-8215-0c7263f8504b""]","[]",NULL,"26df08fa-290d-47ff-b067-9503e8652925","2023-08-29 06:13:48.681898","[]",NULL,"2023-08-29 06:14:14.711",False,"0","","b53c70dc-07db-46a5-8393-ded5d7eed311","352bc116-3573-441a-8ba8-5f3f0745a650",0,NULL,True,"{""kcal"":897,""fat"":535,""carb"":67,""protien"":622}","[]"
"0aeb814e-497e-4268-aac7-f11d5ae6c720",NULL,NULL,"Mandi lamp by wood","r-0097","20","","{""name"":{""en"":""Mandi lamp by wood""},""description"":{""en"":""""}}",NULL,"menuItem",NULL,"{}","",NULL,NULL,NULL,30,NULL,"0",NULL,NULL,NULL,"[]","[""3732e313-f790-48a6-93d2-4e94ad158a5b"",""f7378a4c-11f8-4626-8215-0c7263f8504b""]","[]",NULL,"26df08fa-290d-47ff-b067-9503e8652925","2023-08-29 06:10:48.962348","[]",NULL,"2023-08-29 06:23:33.245",False,"0","","b53c70dc-07db-46a5-8393-ded5d7eed311","ccbe5e05-2a4f-43a2-a239-e24c36109a78",0,NULL,True,"{""kcal"":590,""fat"":765,""carb"":347,""protien"":378}","[]"
"23261e7a-c724-4a45-bff4-6db1ddd81d77",NULL,NULL,"Mandi Chicken by wood","r-0099","7.7","","{""name"":{""en"":""""},""description"":{""en"":""""}}",NULL,"menuItem",NULL,"{}","",NULL,NULL,NULL,30,NULL,"0",NULL,NULL,NULL,"[]","[""241e092c-d71f-49fa-85b7-e1ca5d2cac71"",""3732e313-f790-48a6-93d2-4e94ad158a5b"",""f7378a4c-11f8-4626-8215-0c7263f8504b""]","[]",NULL,"26df08fa-290d-47ff-b067-9503e8652925","2023-08-29 06:27:06.585355","[]",NULL,"2023-08-29 06:27:06.71",False,"0","","b53c70dc-07db-46a5-8393-ded5d7eed311","202cc3f1-61ad-428c-835f-bbdf269557d3",0,NULL,True,"{""kcal"":445,""fat"":33,""carb"":965,""protien"":22}","[]"
"6027eb4d-3e4c-4bc0-818f-3d8050a12c66",NULL,NULL,"Bukhari lamp","r-0100","4.7","","{""name"":{""en"":""Bukhari lamp""},""description"":{""en"":""""}}",NULL,"menuItem",NULL,"{}","",NULL,NULL,NULL,30,NULL,"0",NULL,NULL,NULL,"[]","[""f7378a4c-11f8-4626-8215-0c7263f8504b"",""241e092c-d71f-49fa-85b7-e1ca5d2cac71"",""3732e313-f790-48a6-93d2-4e94ad158a5b""]","[]",NULL,"26df08fa-290d-47ff-b067-9503e8652925","2023-08-29 06:38:40.143587","[]",NULL,"2023-08-29 07:34:37.014",False,"0","",NULL,"dd8e2e7e-2c12-4a8c-98c5-ea7d9146425f",0,NULL,True,"{""kcal"":533,""fat"":223,""carb"":224,""protien"":644}","[]"
"a987c22a-fc05-48f8-9e39-503d9a8c4c02",NULL,NULL,"Bashawer Chicken","r-0103","5","","{""name"":{""en"":""""},""description"":{""en"":""""}}",NULL,"menuItem",NULL,"{}","",NULL,NULL,NULL,30,NULL,"0",NULL,NULL,NULL,"[]","[""f7378a4c-11f8-4626-8215-0c7263f8504b"",""3732e313-f790-48a6-93d2-4e94ad158a5b"",""241e092c-d71f-49fa-85b7-e1ca5d2cac71""]","[]",NULL,"26df08fa-290d-47ff-b067-9503e8652925","2023-08-29 06:56:53.239007","[]",NULL,"2023-08-29 06:56:53.313",False,"0","","b53c70dc-07db-46a5-8393-ded5d7eed311","01920600-34c0-4ad0-9487-8c8c007ca149",0,NULL,True,"{""kcal"":643,""fat"":933,""carb"":942,""protien"":56}","[]"
"c23c5957-bbdd-48cf-b403-ee2cdf94c4bf",NULL,NULL,"Baryani Chicken","r-0104","8","","{""name"":{""en"":""""},""description"":{""en"":""""}}",NULL,"menuItem",NULL,"{}","",NULL,NULL,NULL,30,NULL,"0",NULL,NULL,NULL,"[]","[]","[]",NULL,"26df08fa-290d-47ff-b067-9503e8652925","2023-08-29 07:04:16.789442","[]",NULL,"2023-08-29 07:04:16.861",False,"0","","b53c70dc-07db-46a5-8393-ded5d7eed311","5086f2c9-a71c-4b92-b4f5-889f4e871012",0,NULL,True,"{""kcal"":422,""fat"":632,""carb"":822,""protien"":522}","[]"
"4a6d95ce-67fd-4dd2-afb5-bcfcc1bec4a1",NULL,NULL,"Baryani lamp","r-0105","9","","{""name"":{""en"":""Baryani lamp""},""description"":{""en"":""""}}",NULL,"menuItem",NULL,"{}","",NULL,NULL,NULL,30,NULL,"0",NULL,NULL,NULL,"[]","[]","[]",NULL,"26df08fa-290d-47ff-b067-9503e8652925","2023-08-29 07:06:59.044633","[]",NULL,"2023-08-29 07:07:09.029",False,"0","","b53c70dc-07db-46a5-8393-ded5d7eed311","2f3c454b-7794-4b78-9ec1-173d4a7876dc",0,NULL,True,"{""kcal"":233,""fat"":911,""carb"":833,""protien"":381}","[]"
"a1268a95-ebc3-4fd9-9915-d9c5674271dc",NULL,NULL,"Bashawer lamp","r-0102","7.7","","{""name"":{""en"":""Bashawer lamp""},""description"":{""en"":""""}}",NULL,"menuItem",NULL,"{}","",NULL,NULL,NULL,30,NULL,"0",NULL,NULL,NULL,"[]","[""f7378a4c-11f8-4626-8215-0c7263f8504b"",""3732e313-f790-48a6-93d2-4e94ad158a5b"",""241e092c-d71f-49fa-85b7-e1ca5d2cac71""]","[]",NULL,"26df08fa-290d-47ff-b067-9503e8652925","2023-08-29 06:48:43.833182","[]",NULL,"2023-08-29 07:34:11.405",False,"0","","b53c70dc-07db-46a5-8393-ded5d7eed311","2cab4a24-d56c-4116-b7c5-84c88a224c60",0,NULL,True,"{""kcal"":0,""fat"":0,""carb"":0,""protien"":0}","[]"
"e1bc6cbb-b2d6-474c-92f4-ebbe11f5e23d",NULL,NULL,"Bukhari chicken","r-0101","6","","{""name"":{""en"":""Bukhari chicken""},""description"":{""en"":""""}}",NULL,"menuItem",NULL,"{}","",NULL,NULL,NULL,30,NULL,"0",NULL,NULL,NULL,"[]","[""f7378a4c-11f8-4626-8215-0c7263f8504b"",""3732e313-f790-48a6-93d2-4e94ad158a5b"",""241e092c-d71f-49fa-85b7-e1ca5d2cac71""]","[]",NULL,"26df08fa-290d-47ff-b067-9503e8652925","2023-08-29 06:41:46.192911","[]",NULL,"2023-08-29 07:34:19.628",False,"0","","b53c70dc-07db-46a5-8393-ded5d7eed311","39d13842-885f-494c-a68d-41d9c7f46421",0,NULL,True,"{""kcal"":532,""fat"":462,""carb"":333,""protien"":388}","[]"
"39234a24-e286-4c7d-b63a-07c519d8730a",NULL,NULL,"Tikka lamp BH","r-0106","3","","{""name"":{""en"":""""},""description"":{""en"":""""}}",NULL,"menuItem",NULL,"{}","",NULL,NULL,NULL,30,NULL,"0",NULL,NULL,NULL,"[]","[""3732e313-f790-48a6-93d2-4e94ad158a5b"",""241e092c-d71f-49fa-85b7-e1ca5d2cac71""]","[]",NULL,"26df08fa-290d-47ff-b067-9503e8652925","2023-08-29 07:54:41.746459","[]",NULL,"2023-08-29 07:54:41.839",False,"0","","b53c70dc-07db-46a5-8393-ded5d7eed311","8b524a4c-d33c-4345-9131-73eec3bf33d0",0,NULL,True,"{""kcal"":200,""fat"":234,""carb"":532,""protien"":238}","[]"
"d6b63ae8-d587-47f3-9af6-5c49ab89bd94",NULL,NULL,"Tikka Chicken","r-0107","2.5","","{""name"":{""en"":""""},""description"":{""en"":""""}}",NULL,"menuItem",NULL,"{}","",NULL,NULL,NULL,30,NULL,"0",NULL,NULL,NULL,"[]","[""f7378a4c-11f8-4626-8215-0c7263f8504b"",""3732e313-f790-48a6-93d2-4e94ad158a5b"",""c5c2efa5-4028-4e44-8229-c16b3b0e094a"",""241e092c-d71f-49fa-85b7-e1ca5d2cac71""]","[]",NULL,"26df08fa-290d-47ff-b067-9503e8652925","2023-08-29 07:57:45.736274","[]",NULL,"2023-08-29 07:57:45.843",False,"0","","b53c70dc-07db-46a5-8393-ded5d7eed311","01ad8bb1-5111-4296-8369-5d2142605f00",0,NULL,True,"{""kcal"":0,""fat"":0,""carb"":0,""protien"":0}","[]"
"a57c6198-4102-4772-ab79-86a22fbb365d",NULL,NULL,"Tikka lamp yogurt bh","r-0108","3.9","","{""name"":{""en"":""""},""description"":{""en"":""""}}",NULL,"menuItem",NULL,"{}","",NULL,NULL,NULL,30,NULL,"0",NULL,NULL,NULL,"[]","[""3732e313-f790-48a6-93d2-4e94ad158a5b"",""241e092c-d71f-49fa-85b7-e1ca5d2cac71"",""c5c2efa5-4028-4e44-8229-c16b3b0e094a""]","[]",NULL,"26df08fa-290d-47ff-b067-9503e8652925","2023-08-29 07:59:50.379647","[]",NULL,"2023-08-29 07:59:50.474",False,"0","","b53c70dc-07db-46a5-8393-ded5d7eed311","203d5424-3a4f-45c1-a6a8-a93ef12c23ac",0,NULL,True,"{""kcal"":543,""fat"":821,""carb"":22,""protien"":454}","[]"
"68288935-9c85-40a5-9017-a31b2e7c69e2",NULL,NULL,"Tikka Chicken Yogurt BH","r-0109","4.7","","{""name"":{""en"":""""},""description"":{""en"":""""}}",NULL,"menuItem",NULL,"{}","",NULL,NULL,NULL,30,NULL,"0",NULL,NULL,NULL,"[]","[""3732e313-f790-48a6-93d2-4e94ad158a5b"",""241e092c-d71f-49fa-85b7-e1ca5d2cac71"",""c5c2efa5-4028-4e44-8229-c16b3b0e094a""]","[]",NULL,"26df08fa-290d-47ff-b067-9503e8652925","2023-08-29 08:03:25.18725","[]",NULL,"2023-08-29 08:03:25.292",False,"0","","b53c70dc-07db-46a5-8393-ded5d7eed311","164fe3f6-d5c7-427a-af84-240b9f4dd12a",0,NULL,True,"{""kcal"":532,""fat"":452,""carb"":633,""protien"":11}","[]"
"a721f6cc-dfbd-46a3-811c-f4db0a24a578",NULL,NULL,"Kebab lamp","r-0110","8","","{""name"":{""en"":""Kebab lamp""},""description"":{""en"":""""}}",NULL,"menuItem",NULL,"{}","",NULL,NULL,NULL,30,NULL,"0",NULL,NULL,NULL,"[]","[""3732e313-f790-48a6-93d2-4e94ad158a5b"",""241e092c-d71f-49fa-85b7-e1ca5d2cac71"",""bf340feb-9d8b-4465-91a8-e8de9ca78f4f"",""c5c2efa5-4028-4e44-8229-c16b3b0e094a""]","[]",NULL,"26df08fa-290d-47ff-b067-9503e8652925","2023-08-29 08:05:57.911009","[]",NULL,"2023-08-29 08:06:18.063",False,"0","",NULL,"aa877a18-2ba6-481c-9d81-c26debbec2f0",0,NULL,True,"{""kcal"":212,""fat"":43,""carb"":923,""protien"":922}","[]"
"fd362605-4bfa-460a-b69a-f535b4e46106",NULL,NULL,"Kebab Chicken","r-0111","5","","{""name"":{""en"":""""},""description"":{""en"":""""}}",NULL,"menuItem",NULL,"{}","",NULL,NULL,NULL,30,NULL,"0",NULL,NULL,NULL,"[]","[""f7378a4c-11f8-4626-8215-0c7263f8504b"",""bf340feb-9d8b-4465-91a8-e8de9ca78f4f"",""3732e313-f790-48a6-93d2-4e94ad158a5b"",""c5c2efa5-4028-4e44-8229-c16b3b0e094a"",""241e092c-d71f-49fa-85b7-e1ca5d2cac71""]","[]",NULL,"26df08fa-290d-47ff-b067-9503e8652925","2023-08-29 08:12:57.945282","[]",NULL,"2023-08-29 08:12:58.035",False,"0","","b53c70dc-07db-46a5-8393-ded5d7eed311","c877170c-985f-4dbe-8eea-066eb327c531",0,NULL,True,"{""kcal"":291,""fat"":633,""carb"":532,""protien"":274}","[]"
"fce86ad2-b69b-4ad5-8698-85c1a8f5c8ad",NULL,NULL,"Mix BH Grills","r-0112","16","","{""name"":{""en"":""""},""description"":{""en"":""""}}",NULL,"menuItem",NULL,"{}","",NULL,NULL,NULL,30,NULL,"0",NULL,NULL,NULL,"[]","[""f7378a4c-11f8-4626-8215-0c7263f8504b"",""bf340feb-9d8b-4465-91a8-e8de9ca78f4f"",""3732e313-f790-48a6-93d2-4e94ad158a5b"",""c5c2efa5-4028-4e44-8229-c16b3b0e094a"",""241e092c-d71f-49fa-85b7-e1ca5d2cac71""]","[]",NULL,"26df08fa-290d-47ff-b067-9503e8652925","2023-08-29 09:23:03.56153","[]",NULL,"2023-08-29 09:23:03.703",False,"0","","b53c70dc-07db-46a5-8393-ded5d7eed311","db8c2d4a-3677-4924-97b8-8116a224065e",0,NULL,True,"{""kcal"":2334,""fat"":7744,""carb"":4324,""protien"":3424}","[]"
"bcaf6bc6-23f2-498b-88c2-2d6c33cd33f9",NULL,NULL,"Sheesh Tawooq","r-0113","6.7","","{""name"":{""en"":""""},""description"":{""en"":""""}}",NULL,"menuItem",NULL,"{}","",NULL,NULL,NULL,30,NULL,"0",NULL,NULL,NULL,"[]","[""f7378a4c-11f8-4626-8215-0c7263f8504b"",""3732e313-f790-48a6-93d2-4e94ad158a5b"",""241e092c-d71f-49fa-85b7-e1ca5d2cac71"",""c5c2efa5-4028-4e44-8229-c16b3b0e094a""]","[]",NULL,"26df08fa-290d-47ff-b067-9503e8652925","2023-08-29 09:34:31.903216","[]",NULL,"2023-08-29 09:34:31.968",False,"0","","b53c70dc-07db-46a5-8393-ded5d7eed311","b3d3d0af-0515-4453-882b-810bb01d1be9",0,NULL,True,"{""kcal"":342,""fat"":356,""carb"":643,""protien"":356}","[]"
"9b34b302-f5ed-4091-b88d-c9290a31a4a3",NULL,NULL,"Riash lamp BH","r-0114","8.2","","{""name"":{""en"":""""},""description"":{""en"":""""}}",NULL,"menuItem",NULL,"{}","",NULL,NULL,NULL,30,NULL,"0",NULL,NULL,NULL,"[]","[]","[]",NULL,"26df08fa-290d-47ff-b067-9503e8652925","2023-08-29 09:36:49.73848","[]",NULL,"2023-08-29 09:36:49.845",False,"0","","b53c70dc-07db-46a5-8393-ded5d7eed311","ab92f709-a73d-434d-acaa-566c79321c5a",0,NULL,True,"{""kcal"":532,""fat"":677,""carb"":633,""protien"":632}","[]"
"01c97fdf-12cb-432c-bf91-2a7f62a1090f",NULL,NULL,"Nich lamp BH","r-0114","9.3","","{""name"":{""en"":""""},""description"":{""en"":""""}}",NULL,"menuItem",NULL,"{}","",NULL,NULL,NULL,30,NULL,"0",NULL,NULL,NULL,"[]","[""f7378a4c-11f8-4626-8215-0c7263f8504b"",""c5c2efa5-4028-4e44-8229-c16b3b0e094a"",""e2af9ebc-3be3-45b2-8ef8-bce631f8f1d8"",""241e092c-d71f-49fa-85b7-e1ca5d2cac71"",""3732e313-f790-48a6-93d2-4e94ad158a5b"",""e0d914bb-c07a-498b-bae7-efb27c07b5c4""]","[]",NULL,"26df08fa-290d-47ff-b067-9503e8652925","2023-08-29 09:38:33.506977","[]",NULL,"2023-08-29 09:38:33.627",False,"0","",NULL,"8aa992e0-b1e7-4ed1-bb84-6540f61b81ef",0,NULL,True,"{""kcal"":643,""fat"":533,""carb"":743,""protien"":68}","[]"
"542b62b9-4b4e-4f98-bc2d-095f423e4a6c",NULL,NULL,"Liver Lamp BH","r-0115","7.3","","{""name"":{""en"":""Liver Lamp BH""},""description"":{""en"":""""}}",NULL,"menuItem",NULL,"{}","",NULL,NULL,NULL,30,NULL,"0",NULL,NULL,NULL,"[]","[""c5c2efa5-4028-4e44-8229-c16b3b0e094a"",""3732e313-f790-48a6-93d2-4e94ad158a5b"",""f7378a4c-11f8-4626-8215-0c7263f8504b"",""bf340feb-9d8b-4465-91a8-e8de9ca78f4f"",""241e092c-d71f-49fa-85b7-e1ca5d2cac71""]","[]",NULL,"26df08fa-290d-47ff-b067-9503e8652925","2023-08-29 09:40:25.809775","[]",NULL,"2023-08-29 09:40:35.171",False,"0","","b53c70dc-07db-46a5-8393-ded5d7eed311","a6ddde07-3d23-4609-bcd9-314f0b50c32c",0,NULL,True,"{""kcal"":398,""fat"":643,""carb"":32,""protien"":872}","[]"
"d3717955-b7f5-4cae-b0f0-fc514de26b06",NULL,NULL,"Shrimps on charcoal","r-0116","6.2","","{""name"":{""en"":""Shrimps on charcoal""},""description"":{""en"":""""}}",NULL,"menuItem",NULL,"{}","",NULL,NULL,NULL,30,NULL,"0",NULL,NULL,NULL,"[]","[""241e092c-d71f-49fa-85b7-e1ca5d2cac71"",""3732e313-f790-48a6-93d2-4e94ad158a5b"",""c5c2efa5-4028-4e44-8229-c16b3b0e094a"",""bf340feb-9d8b-4465-91a8-e8de9ca78f4f""]","[]",NULL,"26df08fa-290d-47ff-b067-9503e8652925","2023-08-29 09:58:06.259933","[]",NULL,"2023-08-29 09:58:15.358",False,"0","","b53c70dc-07db-46a5-8393-ded5d7eed311","9dd3a45f-90ee-4ed9-9c9c-9a07577142dc",0,NULL,True,"{""kcal"":0,""fat"":0,""carb"":0,""protien"":0}","[]"
"6de4d8de-5946-42e9-83ae-b8fa63a9311a",NULL,NULL,"Chicken on Charcoal","r-0117","5","","{""name"":{""en"":""Chicken on Charcoal""},""description"":{""en"":""""}}",NULL,"menuItem",NULL,"{}","",NULL,NULL,NULL,30,NULL,"0",NULL,NULL,NULL,"[{""index"":0,""optionGroupId"":""c1c91832-08d9-484d-b4e8-88c038b4371d"",""title"":""Sauce ""}]","[""f7378a4c-11f8-4626-8215-0c7263f8504b"",""bf340feb-9d8b-4465-91a8-e8de9ca78f4f"",""3732e313-f790-48a6-93d2-4e94ad158a5b"",""241e092c-d71f-49fa-85b7-e1ca5d2cac71""]","[]",NULL,"26df08fa-290d-47ff-b067-9503e8652925","2023-08-29 10:00:12.744551","[]",NULL,"2023-08-29 10:02:04.769",False,"0","","b53c70dc-07db-46a5-8393-ded5d7eed311","50f9fd25-f646-45be-90c9-696f3b851e0f",0,NULL,True,"{""kcal"":0,""fat"":0,""carb"":0,""protien"":0}","[]"
"f41ecb0a-e831-44fb-8ebb-052c150ec7b6",NULL,NULL,"Wagyu Steak","r-0119","33","","{""name"":{""en"":""""},""description"":{""en"":""""}}",NULL,"menuItem",NULL,"{}","",NULL,NULL,NULL,30,NULL,"0",NULL,NULL,NULL,"[{""index"":0,""optionGroupId"":""c1c91832-08d9-484d-b4e8-88c038b4371d"",""title"":""Sauce ""}]","[""f7378a4c-11f8-4626-8215-0c7263f8504b"",""c5c2efa5-4028-4e44-8229-c16b3b0e094a"",""3732e313-f790-48a6-93d2-4e94ad158a5b"",""e0d914bb-c07a-498b-bae7-efb27c07b5c4"",""b86aa902-7b94-4aff-9a16-e944e5b417d2""]","[]",NULL,"26df08fa-290d-47ff-b067-9503e8652925","2023-08-29 10:47:28.109899","[]",NULL,"2023-08-29 10:47:28.222",False,"0","","b53c70dc-07db-46a5-8393-ded5d7eed311","f1980651-499e-45e7-8be9-134fa2463763",0,NULL,True,"{""kcal"":432,""fat"":633,""carb"":23,""protien"":923}","[]"
"214540d8-91ea-4982-b01a-a5689f034cef",NULL,NULL,"Chicken Thigh Marinade","r-0120","7.6","","{""name"":{""en"":""Chicken Thigh Marinade""},""description"":{""en"":""""}}",NULL,"menuItem",NULL,"{}","",NULL,NULL,NULL,30,NULL,"0",NULL,NULL,NULL,"[{""index"":0,""optionGroupId"":""c1c91832-08d9-484d-b4e8-88c038b4371d"",""title"":""Sauce ""}]","[""f7378a4c-11f8-4626-8215-0c7263f8504b"",""c5c2efa5-4028-4e44-8229-c16b3b0e094a"",""241e092c-d71f-49fa-85b7-e1ca5d2cac71""]","[]",NULL,"26df08fa-290d-47ff-b067-9503e8652925","2023-08-29 10:52:24.852881","[]",NULL,"2023-08-29 10:57:29.635",False,"0","","b53c70dc-07db-46a5-8393-ded5d7eed311","284d8b19-c6f5-4fcd-bff4-5670a8b00bcc",0,NULL,True,"{""kcal"":453,""fat"":422,""carb"":34,""protien"":742}","[]"
"b18f218c-2150-49ff-acd8-01eaedfc268c",NULL,NULL,"Angus","r-0126","35","","{""name"":{""en"":""""},""description"":{""en"":""""}}",NULL,"menuItem",NULL,"{}","",NULL,NULL,NULL,30,NULL,"0",NULL,NULL,NULL,"[{""index"":0,""optionGroupId"":""c1c91832-08d9-484d-b4e8-88c038b4371d"",""title"":""Sauce ""}]","[""f7378a4c-11f8-4626-8215-0c7263f8504b"",""3732e313-f790-48a6-93d2-4e94ad158a5b"",""bf340feb-9d8b-4465-91a8-e8de9ca78f4f"",""241e092c-d71f-49fa-85b7-e1ca5d2cac71""]","[]",NULL,"26df08fa-290d-47ff-b067-9503e8652925","2023-08-29 11:43:18.583304","[]",NULL,"2023-08-29 11:43:18.704",False,"0","","b53c70dc-07db-46a5-8393-ded5d7eed311","8317ab05-7cbd-415a-b94d-0f8f66e7cb58",0,NULL,True,"{""kcal"":303,""fat"":329,""carb"":12,""protien"":371}","[]"
"09b62420-fc2d-4472-a224-4a813cb56a10",NULL,NULL,"wings chicken on charcoal","r-0121","9","","{""name"":{""en"":""wings chicken on charcoal""},""description"":{""en"":""""}}",NULL,"menuItem",NULL,"{}","",NULL,NULL,NULL,30,NULL,"0",NULL,NULL,NULL,"[{""index"":0,""optionGroupId"":""c1c91832-08d9-484d-b4e8-88c038b4371d"",""title"":""Sauce ""}]","[""f7378a4c-11f8-4626-8215-0c7263f8504b"",""bf340feb-9d8b-4465-91a8-e8de9ca78f4f"",""241e092c-d71f-49fa-85b7-e1ca5d2cac71"",""c5c2efa5-4028-4e44-8229-c16b3b0e094a"",""3732e313-f790-48a6-93d2-4e94ad158a5b""]","[]",NULL,"26df08fa-290d-47ff-b067-9503e8652925","2023-08-29 10:57:16.806024","[]",NULL,"2023-08-29 10:58:55.215",False,"0","","b53c70dc-07db-46a5-8393-ded5d7eed311","a3a4b575-4b52-4739-9e72-9379d85dabd7",0,NULL,True,"{""kcal"":324,""fat"":23,""carb"":744,""protien"":663}","[]"
"2ce30de1-9747-4e86-998d-0e2fdc4b58e0",NULL,NULL,"Ribs lamp","r-0122","43","","{""name"":{""en"":""""},""description"":{""en"":""""}}",NULL,"menuItem",NULL,"{}","",NULL,NULL,NULL,30,NULL,"0",NULL,NULL,NULL,"[]","[""f7378a4c-11f8-4626-8215-0c7263f8504b"",""3732e313-f790-48a6-93d2-4e94ad158a5b"",""c5c2efa5-4028-4e44-8229-c16b3b0e094a"",""241e092c-d71f-49fa-85b7-e1ca5d2cac71"",""e0d914bb-c07a-498b-bae7-efb27c07b5c4"",""b86aa902-7b94-4aff-9a16-e944e5b417d2""]","[]",NULL,"26df08fa-290d-47ff-b067-9503e8652925","2023-08-29 11:04:30.416572","[]",NULL,"2023-08-29 11:04:30.492",False,"0","","b53c70dc-07db-46a5-8393-ded5d7eed311","d9407683-74d7-4ae5-923f-618489ac1886",0,NULL,True,"{""kcal"":533,""fat"":331,""carb"":12,""protien"":632}","[]"
"d03e65cd-c868-4c34-ae2b-d34fbb584dc4",NULL,NULL,"Garlic & Rosemary Grilled Lamb Ribs","r-0123","32","","{""name"":{""en"":""""},""description"":{""en"":""""}}",NULL,"menuItem",NULL,"{}","",NULL,NULL,NULL,30,NULL,"0",NULL,NULL,NULL,"[{""index"":0,""optionGroupId"":""c1c91832-08d9-484d-b4e8-88c038b4371d"",""title"":""Sauce ""}]","[""f7378a4c-11f8-4626-8215-0c7263f8504b"",""bf340feb-9d8b-4465-91a8-e8de9ca78f4f"",""3732e313-f790-48a6-93d2-4e94ad158a5b"",""e0d914bb-c07a-498b-bae7-efb27c07b5c4""]","[]",NULL,"26df08fa-290d-47ff-b067-9503e8652925","2023-08-29 11:09:45.145858","[]",NULL,"2023-08-29 11:09:45.25",False,"0","","b53c70dc-07db-46a5-8393-ded5d7eed311","bf73f91a-1608-479d-aafe-831a30a75b03",0,NULL,True,"{""kcal"":0,""fat"":0,""carb"":0,""protien"":0}","[]"
"471ed2f4-5543-4dfa-a2d8-cb3250dd81fb",NULL,NULL,"lamb roast shoulder","r-0124","27","","{""name"":{""en"":""""},""description"":{""en"":""""}}",NULL,"menuItem",NULL,"{}","",NULL,NULL,NULL,30,NULL,"0",NULL,NULL,NULL,"[{""index"":0,""optionGroupId"":""c1c91832-08d9-484d-b4e8-88c038b4371d"",""title"":""Sauce ""}]","[""e0d914bb-c07a-498b-bae7-efb27c07b5c4"",""241e092c-d71f-49fa-85b7-e1ca5d2cac71"",""3732e313-f790-48a6-93d2-4e94ad158a5b"",""c5c2efa5-4028-4e44-8229-c16b3b0e094a"",""b86aa902-7b94-4aff-9a16-e944e5b417d2""]","[]",NULL,"26df08fa-290d-47ff-b067-9503e8652925","2023-08-29 11:17:52.828116","[]",NULL,"2023-08-29 11:17:52.895",False,"0","","b53c70dc-07db-46a5-8393-ded5d7eed311","fa99f6e3-bfdb-4166-a56f-0a3aa81999fe",0,NULL,True,"{""kcal"":942,""fat"":1249,""carb"":33,""protien"":435}","[]"
"3f60a33b-fb46-4fc2-817f-00f69b2771ab",NULL,NULL,"Breast chicken","r-0125","7","","{""name"":{""en"":""""},""description"":{""en"":""""}}",NULL,"menuItem",NULL,"{}","",NULL,NULL,NULL,30,NULL,"0",NULL,NULL,NULL,"[{""index"":0,""optionGroupId"":""c1c91832-08d9-484d-b4e8-88c038b4371d"",""title"":""Sauce ""}]","[""f7378a4c-11f8-4626-8215-0c7263f8504b"",""3732e313-f790-48a6-93d2-4e94ad158a5b"",""bf340feb-9d8b-4465-91a8-e8de9ca78f4f"",""241e092c-d71f-49fa-85b7-e1ca5d2cac71""]","[]",NULL,"26df08fa-290d-47ff-b067-9503e8652925","2023-08-29 11:29:44.302354","[]",NULL,"2023-08-29 11:29:44.364",False,"0","","b53c70dc-07db-46a5-8393-ded5d7eed311","20b99793-541f-4783-b89c-2de6f670a9e7",0,NULL,True,"{""kcal"":533,""fat"":321,""carb"":872,""protien"":234}","[]"
"fdd77213-a677-4a2c-bb84-56ceb64906cf",NULL,NULL,"Liver chicken","r-0127","7","","{""name"":{""en"":""""},""description"":{""en"":""""}}",NULL,"menuItem",NULL,"{}","",NULL,NULL,NULL,30,NULL,"0",NULL,NULL,NULL,"[{""index"":0,""optionGroupId"":""c1c91832-08d9-484d-b4e8-88c038b4371d"",""title"":""Sauce ""}]","[""f7378a4c-11f8-4626-8215-0c7263f8504b"",""c5c2efa5-4028-4e44-8229-c16b3b0e094a"",""3732e313-f790-48a6-93d2-4e94ad158a5b""]","[]",NULL,"26df08fa-290d-47ff-b067-9503e8652925","2023-08-29 11:52:43.922494","[]",NULL,"2023-08-29 11:52:43.994",False,"0","","b53c70dc-07db-46a5-8393-ded5d7eed311","a2871135-52f9-47a0-b894-3832b1839cdd",0,NULL,True,"{""kcal"":434,""fat"":33,""carb"":234,""protien"":533}","[]"
"62378178-a8c6-4943-9929-5ae8e6b02de3",NULL,NULL,"vegetables and eggplant","r-0130","10","","{""name"":{""en"":""vegetables and eggplant""},""description"":{""en"":""""}}",NULL,"menuItem",NULL,"{}","",NULL,NULL,NULL,30,NULL,"0",NULL,NULL,NULL,"[{""index"":0,""optionGroupId"":""c1c91832-08d9-484d-b4e8-88c038b4371d"",""title"":""Sauce ""}]","[""bf340feb-9d8b-4465-91a8-e8de9ca78f4f"",""6d6a186a-0e21-4acb-95bf-261ea0c8e67f"",""3732e313-f790-48a6-93d2-4e94ad158a5b"",""241e092c-d71f-49fa-85b7-e1ca5d2cac71""]","[]",NULL,"26df08fa-290d-47ff-b067-9503e8652925","2023-08-29 12:38:53.802187","[]",NULL,"2023-08-29 12:41:42.392",False,"0","","b53c70dc-07db-46a5-8393-ded5d7eed311","9df4fa03-3615-42f8-a489-a5b90191b75d",0,NULL,True,"{""kcal"":34,""fat"":10,""carb"":42,""protien"":983}","[]"
"72e69241-737c-457c-a988-3b2b8afef2e0",NULL,NULL,"Sausage Mixed Grill","r-0129","8","","{""name"":{""en"":""Sausage Mixed Grill""},""description"":{""en"":""""}}",NULL,"menuItem",NULL,"{}","",NULL,NULL,NULL,30,NULL,"0",NULL,NULL,NULL,"[{""index"":0,""optionGroupId"":""c1c91832-08d9-484d-b4e8-88c038b4371d"",""title"":""Sauce ""}]","[""f7378a4c-11f8-4626-8215-0c7263f8504b"",""bf340feb-9d8b-4465-91a8-e8de9ca78f4f"",""241e092c-d71f-49fa-85b7-e1ca5d2cac71"",""3732e313-f790-48a6-93d2-4e94ad158a5b""]","[]",NULL,"26df08fa-290d-47ff-b067-9503e8652925","2023-08-29 12:32:13.987677","[]",NULL,"2023-08-29 12:42:48.877",False,"0","","b53c70dc-07db-46a5-8393-ded5d7eed311","19742011-94d8-4f48-8e1e-af7dfbb7603d",0,NULL,True,"{""kcal"":564,""fat"":754,""carb"":299,""protien"":149}","[]"
"7cb07cb1-3524-4236-bc76-7ba5898fdd0a",NULL,NULL,"Steak","r-0118","22","","{""name"":{""en"":""BBQ Steak""},""description"":{""en"":""""}}",NULL,"menuItem",NULL,"{}","",NULL,NULL,NULL,30,NULL,"0",NULL,NULL,NULL,"[{""index"":0,""optionGroupId"":""c1c91832-08d9-484d-b4e8-88c038b4371d"",""title"":""Sauce ""}]","[""f7378a4c-11f8-4626-8215-0c7263f8504b"",""bf340feb-9d8b-4465-91a8-e8de9ca78f4f"",""241e092c-d71f-49fa-85b7-e1ca5d2cac71"",""c5c2efa5-4028-4e44-8229-c16b3b0e094a""]","[]",NULL,"26df08fa-290d-47ff-b067-9503e8652925","2023-08-29 10:01:44.374667","[]",NULL,"2023-08-29 12:49:11.231",False,"0","",NULL,"c2502be0-e1a1-4a0f-a264-c2f486b6ce55",0,NULL,True,"{""kcal"":329,""fat"":832,""carb"":422,""protien"":44}","[]"
"087ce586-6421-4932-be7a-66ee243b48c1",NULL,NULL,"Lemon juice","r-0131","3","","{""name"":{""en"":""lemon juice""},""description"":{""en"":""""}}",NULL,"menuItem",NULL,"{}","",NULL,NULL,NULL,30,NULL,"0",NULL,NULL,NULL,"[{""index"":0,""optionGroupId"":""7bac9768-d617-4e54-a73a-8b47833da478"",""title"":""Size""}]","[""241e092c-d71f-49fa-85b7-e1ca5d2cac71""]","[]",NULL,"26df08fa-290d-47ff-b067-9503e8652925","2023-08-30 05:16:12.248884","[]",NULL,"2023-08-30 05:16:28.784",False,"0","","b53c70dc-07db-46a5-8393-ded5d7eed311","cae1b169-3f58-4454-91bd-e9fcc37db6e3",0,NULL,True,"{""kcal"":3,""fat"":2,""carb"":42,""protien"":23}","[]"
"ac6c8da8-d635-4ce6-aa0d-392d78c25ba3",NULL,NULL,"Watermelon juice","r-0133","2.7","","{""name"":{""en"":""""},""description"":{""en"":""""}}",NULL,"menuItem",NULL,"{}","",NULL,NULL,NULL,20,NULL,"0",NULL,NULL,NULL,"[{""index"":0,""optionGroupId"":""7bac9768-d617-4e54-a73a-8b47833da478"",""title"":""Size""}]","[""241e092c-d71f-49fa-85b7-e1ca5d2cac71"",""e7f86527-425c-43c5-a6ba-03f8fa01d75a"",""4536da2a-b04d-4cef-b334-97a7d0164b24""]","[]",NULL,"26df08fa-290d-47ff-b067-9503e8652925","2023-08-30 06:02:53.946524","[]",NULL,"2023-08-30 06:02:54.021",False,"0","","b53c70dc-07db-46a5-8393-ded5d7eed311","3243b77a-6181-4927-8455-069a94e08138",0,NULL,True,"{""kcal"":0,""fat"":0,""carb"":0,""protien"":0}","[]"
"c10ed637-ca79-41c5-b299-9439173935c1",NULL,NULL,"Mango juice","r-0132","3.1","","{""name"":{""en"":""Mango juice""},""description"":{""en"":""""}}",NULL,"menuItem",NULL,"{}","",NULL,NULL,NULL,30,NULL,"0",NULL,NULL,NULL,"[{""index"":0,""optionGroupId"":""7bac9768-d617-4e54-a73a-8b47833da478"",""title"":""Size""}]","[""241e092c-d71f-49fa-85b7-e1ca5d2cac71""]","[]",NULL,"26df08fa-290d-47ff-b067-9503e8652925","2023-08-30 05:56:40.156538","[]",NULL,"2023-08-30 06:08:49.311",False,"0","","b53c70dc-07db-46a5-8393-ded5d7eed311","d1ed050b-ebd5-483e-b141-55647f0dc1ca",0,NULL,True,"{""kcal"":0,""fat"":0,""carb"":0,""protien"":0}","[]"
"45fc0b47-d85a-4979-a55f-e0f6b69e882c",NULL,NULL,"Pineapple juice","r-0087","2","","{""name"":{""en"":""Pineapple juice""},""description"":{""en"":""""}}",NULL,"menuItem",NULL,"{}","",NULL,NULL,NULL,30,NULL,"0",NULL,NULL,NULL,"[]","[]","[]",NULL,"26df08fa-290d-47ff-b067-9503e8652925","2023-08-15 06:28:35.054266","[]",NULL,"2023-08-30 06:09:41.919",False,"0","","b53c70dc-07db-46a5-8393-ded5d7eed311","b205098f-45a2-4487-9beb-9f0687cb4de9",0,NULL,True,"{""kcal"":332,""fat"":11,""carb"":44,""protien"":23}","[]"
"57c4f990-069e-47a2-bd2f-918c6308f450",NULL,NULL,"Papaya juice","r-0088","0.8","","{""name"":{""en"":""Papaya juice""},""description"":{""en"":""""}}",NULL,"menuItem",NULL,"{}","",NULL,NULL,NULL,30,NULL,"0",NULL,NULL,NULL,"[{""index"":0,""optionGroupId"":""7bac9768-d617-4e54-a73a-8b47833da478"",""title"":""Size""}]","[""93a00623-5d02-48cb-bc20-5a4d80f54ca3"",""921d8cce-fabc-4725-9e98-ba64d3955bd4"",""e7f86527-425c-43c5-a6ba-03f8fa01d75a"",""241e092c-d71f-49fa-85b7-e1ca5d2cac71"",""5ddbd2fe-5407-4f02-8541-e69b42db1bac""]","[]",NULL,"26df08fa-290d-47ff-b067-9503e8652925","2023-08-15 06:33:27.842223","[]",NULL,"2023-08-30 06:11:31.012",False,"0","","b53c70dc-07db-46a5-8393-ded5d7eed311","de57d59c-16a0-4b00-82f5-d23d032929cc",0,NULL,True,"{""kcal"":332,""fat"":565,""carb"":33,""protien"":645}","[]"
"2bae23f1-0bcf-41b7-8547-97bb24deb056",NULL,NULL,"peach juice","r-0133","3.2","","{""name"":{""en"":""""},""description"":{""en"":""""}}",NULL,"menuItem",NULL,"{}","",NULL,NULL,NULL,30,NULL,"0",NULL,NULL,NULL,"[{""index"":0,""optionGroupId"":""7bac9768-d617-4e54-a73a-8b47833da478"",""title"":""Size""}]","[""241e092c-d71f-49fa-85b7-e1ca5d2cac71"",""e7f86527-425c-43c5-a6ba-03f8fa01d75a"",""4536da2a-b04d-4cef-b334-97a7d0164b24""]","[]",NULL,"26df08fa-290d-47ff-b067-9503e8652925","2023-08-30 06:26:54.584792","[]",NULL,"2023-08-30 06:26:54.639",False,"0","",NULL,"535f9f3e-88f2-4d48-816b-f27b790748fb",0,NULL,True,"{""kcal"":0,""fat"":0,""carb"":0,""protien"":0}","[]"
